"ID","CM_ID","TIME_SERIES_NAME","TS_ID","RELATIVE_ORDER","CM_ASSOCIATION","CM_CALCULATION_HORIZON","IS_OVERRIDE","EXPRESSION","EXPRESSION_NAME","RELATIVE_PERIOD_POSITION","CM_CALCULATION_PLANE","RECURSES_ON","MATH_EXPRESSION_TYPE","IS_DEPENDENT_ON_ETL","IS_NDCOUNT_PRESENT","IS_IPERIOD_PRESENT","CALENDAR_SUM_USED","PLANE_ID","TRIGGERING_EVENT","CONFIG_VERSION_ID","AUDIT_ID"
820,1586,TS1,1,4,POST_INDEPENDENT,"27",1,NA,,0,PRODUCT~~CUSTOMER~~DC~~SOURCE,,,0,0,0,0,,,1,125
821,1587,TS2,2,52,POST_INDEPENDENT,"27",1,value1,xequalsy,0,PRODUCT~~CUSTOMER~~DC~~SOURCE,,,0,0,0,0,,,1,125
822,1588,TS3,3,15,POST_INDEPENDENT,"27",1,NA,,0,PRODUCT~~ALL~~ALL~~SOURCE,,,0,0,0,0,,,1,125
823,1589,TS4,4,24,POST_INDEPENDENT,"27",1,value1,xequalsy,0,PRODUCT~~CUSTOMER~~DC~~SOURCE,,,0,0,0,0,,,1,125
824,1590,TS5,5,32,POST_DEPENDENT,"27",1,value1,xequalsy,0,PRODUCT~~CUSTOMER~~DC~~SOURCE,,,0,0,0,0,,,1,125
825,1591,TS6,6,40,POST_INDEPENDENT,"27",0,value1*value2,xmultipliedy,0,PRODUCT~~ALL~~DC~~SOURCE,,,0,0,0,0,,,1,125
826,1592,TS7,7,60,POST_INDEPENDENT,"27",0,value1*value2,xmultipliedy,0,PRODUCT~~CUSTOMER~~DC~~SOURCE,,,0,0,0,0,,,1,125
827,1593,TS8,8,69,POST_INDEPENDENT,"27",1,NA,,0,PRODUCT~~CUSTOMER~~DC~~SOURCE,,,0,0,0,0,,,1,125
828,1594,TS9,9,77,POST_INDEPENDENT,"27",1,NA,,0,PRODUCT~~CUSTOMER~~DC~~SOURCE,,,0,0,0,0,,,1,125
829,1595,TS10,10,85,POST_DEPENDENT,"27",1,value1/nodetodetailcount1,avg_by_leafcount,0,PRODUCT~~CUSTOMER~~DC~~SOURCE,,,0,0,0,0,,,1,125
830,1596,TS11,11,93,POST_DEPENDENT,"27",1,value1,xequalsy,0,PRODUCT~~ALL~~ALL~~SOURCE,,,0,0,0,0,,,1,125
831,1597,TS12,12,101,POST_DEPENDENT,"27",0,/* case when (value2) > 0 then */ value1 / value2 /* else */ 0 /* end */ ,xdividey,0,PRODUCT~~CUSTOMER~~DC~~SOURCE,,,0,0,0,0,,,1,125
832,1598,TS13,13,109,POST_DEPENDENT,"27",1,value1,xequalsy,0,PRODUCT~~CUSTOMER~~DC~~SOURCE,,,0,0,0,0,,,1,125
833,1599,TS14,14,117,POST_DEPENDENT,"27",0,value1 * value2 ,xmultipliedy,0,PRODUCT~~CUSTOMER~~DC~~SOURCE,,,0,0,0,0,,,1,125
834,1600,TS15,15,125,POST_DEPENDENT,"27",0,value1-value2,xminusy,0,PRODUCT~~CUSTOMER~~DC~~SOURCE,,,0,0,0,0,,,1,125
835,1601,TS16,16,278,POST_DEPENDENT,"59",0,value1,xequalsy,0,PRODUCT~~CUSTOMER~~DC~~SOURCE,,,0,0,0,0,,,1,125
836,1602,TS17,17,395,POST_INDEPENDENT,"63",1,"Scenario(B,value1)",,0,PRODUCT~~CUSTOMER~~ALL~~ALL,,,0,0,0,0,,,1,125
837,1603,TS18,18,568,POST_DEPENDENT,"27",0,"Scenario(B,value1)",,0,PRODUCT~~ALL~~DC~~SOURCE,,,0,0,0,0,,,1,125
838,1604,TS19,19,547,POST_DEPENDENT,"63",0,value1*value2,xmultipliedy,0,PRODUCT~~ALL~~DC~~SOURCE,,,0,0,0,0,,,1,125
839,1605,TS20,20,450,POST_INDEPENDENT,"27",1,value1,xequalsy,0,PRODUCT~~CUSTOMER~~DC~~SOURCE,,,0,0,0,0,,,1,125
840,1606,TS21,21,460,POST_INDEPENDENT,"27",1,NA,,0,PRODUCT~~CUSTOMER~~DC~~SOURCE,,,0,0,0,0,,,1,125
841,1607,TS22,22,468,POST_INDEPENDENT,"27",1,NA,,0,PRODUCT~~CUSTOMER~~DC~~SOURCE,,,0,0,0,0,,,1,125
842,1608,TS23,23,476,POST_INDEPENDENT,"27",1,NA,,0,PRODUCT~~CUSTOMER~~DC~~SOURCE,,,0,0,0,0,,,1,125
843,1609,TS24,24,484,POST_INDEPENDENT,"27",1,NA,,0,PRODUCT~~CUSTOMER~~DC~~SOURCE,,,0,0,0,0,,,1,125
844,1610,TS25,25,492,POST_INDEPENDENT,"27",1,NA,,0,PRODUCT~~CUSTOMER~~DC~~SOURCE,,,0,0,0,0,,,1,125
845,1611,TS26,26,7,POST_INDEPENDENT,"65",1,value1,xequalsy,0,PRODUCT~~CUSTOMER~~DC~~SOURCE,,,0,0,0,0,,,1,125
846,1612,TS27,27,54,POST_INDEPENDENT,"27",0,value1-value2,xminusy,0,PRODUCT~~CUSTOMER~~DC~~SOURCE,,,0,0,0,0,,,1,125
847,1613,TS28,28,17,POST_INDEPENDENT,"27",0,NA,,0,PRODUCT~~CUSTOMER~~DC~~SOURCE,,,0,0,0,0,,,1,125
848,1614,TS29,29,26,POST_INDEPENDENT,"63",0,value1*value2,xmultipliedy,0,PRODUCT~~CUSTOMER~~DC~~SOURCE,,,0,0,0,0,,,1,125
849,1615,TS30,30,34,POST_INDEPENDENT,"63",1,value1 + value2 + value3,sum_xyz,0,PRODUCT~~ALL~~ALL~~SOURCE,,,0,0,0,0,,,1,125
850,1616,TS31,31,42,POST_DEPENDENT,"59",0,/* case when (value2) >  0 then */ value1 / value2 /*  else */ 0 /* end */,xdividey,0,PRODUCT~~ALL~~DC~~SOURCE,,,0,0,0,0,,,1,125
851,1617,TS32,32,62,POST_INDEPENDENT,"27",0,value1*value2,xmultipliedy,0,PRODUCT~~CUSTOMER~~DC~~SOURCE,,,0,0,0,0,,,1,125
852,1618,TS33,33,71,POST_INDEPENDENT,"27",1,NA,,0,PRODUCT~~CUSTOMER~~DC~~SOURCE,,,0,0,0,0,,,1,125
853,1619,TS34,34,79,POST_INDEPENDENT,"27",1,NA,,0,PRODUCT~~CUSTOMER~~DC~~SOURCE,,,0,0,0,0,,,1,125
854,1620,TS35,35,87,POST_DEPENDENT,"63",1,value1+value2,xplusy,0,PRODUCT~~CUSTOMER~~DC~~SOURCE,,,0,0,0,0,,,1,125
855,1621,TS36,36,95,POST_DEPENDENT,"27",1,/* case when (value2) > 0 then */ (value1) / value2 /* else */ 0 /* end */ ,xdividey,0,PRODUCT~~ALL~~ALL~~SOURCE,,,0,0,0,0,,,1,125
856,1622,TS37,37,103,POST_DEPENDENT,"27",0,value1*value2,xmultipliedy,0,PRODUCT~~ALL~~ALL~~SOURCE,,,0,0,0,0,,,1,125
857,1623,TS38,38,111,POST_DEPENDENT,"27",0,value1*value2,xmultipliedy,0,PRODUCT~~ALL~~ALL~~SOURCE,,,0,0,0,0,,,1,125
858,1624,TS39,39,119,POST_DEPENDENT,"27",0,value1*value2,xmultipliedy,0,PRODUCT~~CUSTOMER~~DC~~SOURCE,,,0,0,0,0,,,1,125
859,1625,TS40,40,127,POST_DEPENDENT,"27",0,value1-value2,xminusy,0,PRODUCT~~CUSTOMER~~DC~~SOURCE,,,0,0,0,0,,,1,125
860,1626,TS41,41,313,POST_DEPENDENT,"63",0,value1*value2,xmultipliedy,0,PRODUCT~~CUSTOMER~~DC~~SOURCE,,,0,0,0,0,,,1,125
861,1627,TS42,42,399,POST_DEPENDENT,"27",1,"Scenario(A,value1)",,0,PRODUCT~~CUSTOMER~~DC~~SOURCE,,,0,0,0,0,,,1,125
862,1628,TS43,43,422,POST_DEPENDENT,"27",0,value1 - (value2 * value3),xminusymultiz,0,PRODUCT~~CUSTOMER~~DC~~SOURCE,,,0,0,0,0,,,1,125
863,1629,TS44,44,556,POST_DEPENDENT,"27",0,/* case when (value1 * value2) > 0.00001 then */ (value1 * value2) / 30 /*else*/ 0 /* end */,,0,PRODUCT~~CUSTOMER~~DC~~SOURCE,,,0,0,0,0,,,1,125
864,1630,TS45,45,454,POST_INDEPENDENT,"27",0,value1*value2,xmultipliedy,0,PRODUCT~~CUSTOMER~~DC~~SOURCE,,,0,0,0,0,,,1,125
865,1631,TS46,46,462,POST_INDEPENDENT,"27",1,NA,,0,PRODUCT~~CUSTOMER~~DC~~SOURCE,,,0,0,0,0,,,1,125
866,1632,TS47,47,470,POST_DEPENDENT,"63",1,NA,,0,PRODUCT~~CUSTOMER~~DC~~SOURCE,,,0,0,0,0,,,1,125
867,1633,TS48,48,478,POST_INDEPENDENT,"27",1,NA,,0,PRODUCT~~CUSTOMER~~DC~~SOURCE,,,0,0,0,0,,,1,125
868,1634,TS49,49,486,POST_INDEPENDENT,"27",1,NA,,0,PRODUCT~~CUSTOMER~~DC~~SOURCE,,,0,0,0,0,,,1,125
869,1635,TS50,50,494,POST_INDEPENDENT,"27",1,NA,,0,PRODUCT~~CUSTOMER~~DC~~SOURCE,,,0,0,0,0,,,1,125
870,1636,TS51,51,5,POST_INDEPENDENT,"27",0,value1,xequalsy,0,PRODUCT~~CUSTOMER~~DC~~SOURCE,,,0,0,0,0,,,1,125
871,1637,TS52,52,53,POST_INDEPENDENT,"27",0,value1*value2,xmultipliedy,0,PRODUCT~~CUSTOMER~~DC~~SOURCE,,,0,0,0,0,,,1,125
872,1638,TS53,53,16,POST_INDEPENDENT,"27",0,NA,,0,PRODUCT~~CUSTOMER~~DC~~SOURCE,,,0,0,0,0,,,1,125
873,1639,TS54,54,25,POST_INDEPENDENT,"63",1,value1,xequalsy,0,PRODUCT~~CUSTOMER~~DC~~SOURCE,,,0,0,0,0,,,1,125
874,1640,TS55,55,33,POST_INDEPENDENT,"63",1,value1 * value2 ,xmultipliedy,0,PRODUCT~~CUSTOMER~~DC~~SOURCE,,,0,0,0,0,,,1,125
875,1641,TS56,56,41,POST_DEPENDENT,"63",0,value1 - value2,xminusy,0,PRODUCT~~CUSTOMER~~DC~~SOURCE,,,0,0,0,0,,,1,125
876,1642,TS57,57,61,POST_INDEPENDENT,"27",1,value1,xequalsy,0,PRODUCT~~CUSTOMER~~DC~~SOURCE,,,0,0,0,0,,,1,125
877,1643,TS58,58,70,POST_INDEPENDENT,"27",1,NA,,0,PRODUCT~~CUSTOMER~~DC~~SOURCE,,,0,0,0,0,,,1,125
878,1644,TS59,59,78,POST_INDEPENDENT,"27",1,NA,,0,PRODUCT~~CUSTOMER~~DC~~SOURCE,,,0,0,0,0,,,1,125
879,1645,TS60,60,86,POST_DEPENDENT,"27",1,/* case when (ePeriodId1 = iPeriodId) then */ (value1-value2-value3) /*when (ePeriodId1 > iPeriodId) then */ (value1-value2-value3-value4) /* else */ 0 /* end */,,0,PRODUCT~~ALL~~DC~~SOURCE,,,0,0,0,0,,,1,125
880,1646,TS61,61,94,POST_DEPENDENT,"27",1,value1/nodetodetailcount1 * value2,avg_by_leafcount_mby_y,0,PRODUCT~~CUSTOMER~~DC~~SOURCE,,,0,0,0,0,,,1,125
881,1647,TS62,62,102,POST_DEPENDENT,"27",0,value1-value2,xminusy,0,PRODUCT~~ALL~~ALL~~SOURCE,,,0,0,0,0,,,1,125
882,1648,TS63,63,110,POST_DEPENDENT,"27",0,value1*value2,xmultipliedy,0,PRODUCT~~CUSTOMER~~DC~~SOURCE,,,0,0,0,0,,,1,125
883,1649,TS64,64,118,POST_DEPENDENT,"27",0,value1 * value2,xmultipliedy,0,PRODUCT~~CUSTOMER~~DC~~SOURCE,,,0,0,0,0,,,1,125
884,1650,TS65,65,126,POST_DEPENDENT,"27",0,value1 * 0.15,xmultipliedconstant,0,PRODUCT~~CUSTOMER~~DC~~SOURCE,,,0,0,0,0,,,1,125
885,1651,TS66,66,279,POST_DEPENDENT,"27",0,value1,xequalsy,0,PRODUCT~~CUSTOMER~~DC~~SOURCE,,,0,0,0,0,,,1,125
886,1652,TS67,67,396,POST_DEPENDENT,"63",1,"Scenario(A,value1)",,0,PRODUCT~~CUSTOMER~~DC~~SOURCE,,,0,0,0,0,,,1,125
887,1653,TS68,68,421,POST_DEPENDENT,"27",0,value1 - (value2 * value3),xminusymultiz,0,PRODUCT~~CUSTOMER~~DC~~SOURCE,,,0,0,0,0,,,1,125
888,1654,TS69,69,569,POST_DEPENDENT,"27",0,"Scenario(A,value1)",,0,PRODUCT~~ALL~~DC~~SOURCE,,,0,0,0,0,,,1,125
889,1655,TS70,70,451,POST_INDEPENDENT,"27",1,value1,xequalsy,0,PRODUCT~~CUSTOMER~~DC~~SOURCE,,,0,0,0,0,,,1,125
890,1656,TS71,71,461,POST_INDEPENDENT,"27",1,NA,,0,PRODUCT~~CUSTOMER~~DC~~SOURCE,,,0,0,0,0,,,1,125
891,1657,TS72,72,469,POST_DEPENDENT,"27",1,value1*value2,xmultipliedy,0,PRODUCT~~CUSTOMER~~DC~~SOURCE,,,0,0,0,0,,,1,125
892,1658,TS73,73,477,POST_INDEPENDENT,"27",1,NA,,0,PRODUCT~~CUSTOMER~~DC~~SOURCE,,,0,0,0,0,,,1,125
893,1659,TS74,74,485,POST_INDEPENDENT,"27",1,NA,,0,PRODUCT~~CUSTOMER~~DC~~SOURCE,,,0,0,0,0,,,1,125
894,1660,TS75,75,493,POST_INDEPENDENT,"27",1,NA,,0,PRODUCT~~CUSTOMER~~DC~~SOURCE,,,0,0,0,0,,,1,125
895,1661,TS76,76,11,POST_INDEPENDENT,"63",1,/* case when (ePeriodId1 = iPeriodId) and ((value5+value6+value7+value8) <> 0) then */      ((value1+value2+value3+value4) / (value5+value6+value7+value8)) /* when (ePeriodId1 > iPeriodId) then */      value9 /* else */      0 /* end */,curr_period_vs_roll_period_3,0,PRODUCT~~CUSTOMER~~ALL~~ALL,,,0,0,0,0,,,1,125
896,1662,TS77,77,56,POST_DEPENDENT,"27",0,/* case when (value3 - value1 - value2) < value4 then */ value4 /*else*/ (value3 - value1 - value2) /* end */,ifcasev2,0,PRODUCT~~CUSTOMER~~DC~~SOURCE,,,0,0,0,0,,,1,125
897,1663,TS78,78,19,POST_INDEPENDENT,"27",0,value1*value2,xmultipliedy,0,PRODUCT~~CUSTOMER~~DC~~SOURCE,,,0,0,0,0,,,1,125
898,1664,TS79,79,28,POST_INDEPENDENT,"27",1,NA,,0,PRODUCT~~ALL~~ALL~~SOURCE,,,0,0,0,0,,,1,125
899,1665,TS80,80,36,POST_INDEPENDENT,"27",1,/* case when (ePeriodId1 = iPeriodId) then */ value1 /* when (ePeriodId1 > iPeriodId) then */ value2 /* else */ 0 /* end */,curr_period_vs_roll_period_1,0,PRODUCT~~ALL~~ALL~~SOURCE,,,0,0,0,0,,,1,125
900,1666,TS81,81,44,POST_DEPENDENT,"27",0,value1*value2,xmultipliedy,0,PRODUCT~~ALL~~ALL~~SOURCE,,,0,0,0,0,,,1,125
901,1667,TS82,82,65,POST_INDEPENDENT,"27",1,NA,,0,PRODUCT~~CUSTOMER~~DC~~SOURCE,,,0,0,0,0,,,1,125
902,1668,TS83,83,73,POST_INDEPENDENT,"27",1,NA,,0,PRODUCT~~CUSTOMER~~DC~~SOURCE,,,0,0,0,0,,,1,125
903,1669,TS84,84,81,POST_INDEPENDENT,"27",1,NA,,0,PRODUCT~~CUSTOMER~~DC~~SOURCE,,,0,0,0,0,,,1,125
904,1670,TS85,85,89,POST_DEPENDENT,"27",0,/* case when (value1) > 0.00001 then */ (value1 * value2) / 30 /* else */ 0 /* end */,dailyavgv1,0,PRODUCT~~CUSTOMER~~DC~~SOURCE,,,0,0,0,0,,,1,125
905,1671,TS86,86,97,POST_DEPENDENT,"27",0,value1*value2,xmultipliedy,0,PRODUCT~~CUSTOMER~~DC~~SOURCE,,,0,0,0,0,,,1,125
906,1672,TS87,87,105,DEPENDENT,"27",0,value1*value2,xmultipliedy,0,PRODUCT~~CUSTOMER~~DC~~SOURCE,,,0,0,0,0,,,1,125
907,1673,TS88,88,113,POST_DEPENDENT,"27",0,value1-value2,xminusy,0,PRODUCT~~ALL~~ALL~~SOURCE,,,0,0,0,0,,,1,125
908,1674,TS89,89,121,POST_DEPENDENT,"27",0,value1 + value2 + value3,sum_xyz,0,PRODUCT~~CUSTOMER~~DC~~SOURCE,,,0,0,0,0,,,1,125
909,1675,TS90,90,163,POST_DEPENDENT,"27",1,NA,,0,PRODUCT~~CUSTOMER~~DC~~SOURCE,,,0,0,0,0,,,1,125
910,1676,TS91,91,319,POST_DEPENDENT,"27",0,value1*value2,xmultipliedy,0,PRODUCT~~CUSTOMER~~DC~~SOURCE,,,0,0,0,0,,,1,125
911,1677,TS92,92,407,POST_DEPENDENT,"63",0,value1*value2,xmultipliedy,0,PRODUCT~~CUSTOMER~~DC~~SOURCE,,,0,0,0,0,,,1,125
912,1678,TS93,93,430,POST_DEPENDENT,"27",0,value1 - (value2 * value3),xminusymultiz,0,PRODUCT~~CUSTOMER~~DC~~SOURCE,,,0,0,0,0,,,1,125
913,1679,TS94,94,453,POST_DEPENDENT,"27",1,/* case when (value4) > 0 then */ (value1 + (value2 - value3)) / value4 /* else */ 0 /* end */ ,,0,PRODUCT~~ALL~~ALL~~SOURCE,,,0,0,0,0,,,1,125
914,1680,TS95,95,456,POST_INDEPENDENT,"27",1,NA,,0,PRODUCT~~CUSTOMER~~DC~~SOURCE,,,0,0,0,0,,,1,125
915,1681,TS96,96,464,POST_INDEPENDENT,"27",1,NA,,0,PRODUCT~~CUSTOMER~~DC~~SOURCE,,,0,0,0,0,,,1,125
916,1682,TS97,97,472,POST_INDEPENDENT,"27",1,NA,,0,PRODUCT~~CUSTOMER~~DC~~SOURCE,,,0,0,0,0,,,1,125
917,1683,TS98,98,480,POST_INDEPENDENT,"27",1,NA,,0,PRODUCT~~CUSTOMER~~DC~~SOURCE,,,0,0,0,0,,,1,125
918,1684,TS99,99,488,POST_INDEPENDENT,"27",1,NA,,0,PRODUCT~~CUSTOMER~~DC~~SOURCE,,,0,0,0,0,,,1,125
919,1685,TS100,100,496,POST_INDEPENDENT,"27",1,NA,,0,PRODUCT~~CUSTOMER~~DC~~SOURCE,,,0,0,0,0,,,1,125
920,1686,TS101,101,1,POST_INDEPENDENT,"63",1,value1+value2+value3+value4,sum_abcd,0,PRODUCT~~CUSTOMER~~DC~~SOURCE,,,0,0,0,0,,,1,125
921,1687,TS102,102,12,POST_INDEPENDENT,"27",0,value1,xequalsy,0,PRODUCT~~CUSTOMER~~DC~~SOURCE,,,0,0,0,0,,,1,125
922,1688,TS103,103,57,POST_DEPENDENT,"27",1,value1,xequalsy,0,PRODUCT~~CUSTOMER~~DC~~SOURCE,,,0,0,0,0,,,1,125
923,1689,TS104,104,20,POST_INDEPENDENT,"27",0,value1*value2,xmultipliedy,0,PRODUCT~~CUSTOMER~~DC~~SOURCE,,,0,0,0,0,,,1,125
924,1690,TS105,105,29,POST_INDEPENDENT,"27",1,value1,xequalsy,0,PRODUCT~~ALL~~ALL~~SOURCE,,,0,0,0,0,,,1,125
925,1691,TS106,106,37,POST_INDEPENDENT,"27",1,/* case when (ePeriodId1 = iPeriodId) then */ value1 /* when (ePeriodId1 > iPeriodId) then */ value2 /* else */ 0 /* end */,curr_period_vs_roll_period_1,0,PRODUCT~~ALL~~ALL~~SOURCE,,,0,0,0,0,,,1,125
926,1692,TS107,107,45,POST_INDEPENDENT,"63",0,value1,xequalsy,0,PRODUCT~~CUSTOMER~~DC~~SOURCE,,,0,0,0,0,,,1,125
927,1693,TS108,108,66,POST_INDEPENDENT,"27",1,NA,,0,PRODUCT~~CUSTOMER~~DC~~SOURCE,,,0,0,0,0,,,1,125
928,1694,TS109,109,74,POST_INDEPENDENT,"27",1,NA,,0,PRODUCT~~CUSTOMER~~DC~~SOURCE,,,0,0,0,0,,,1,125
929,1695,TS110,110,82,POST_INDEPENDENT,"27",1,NA,,0,PRODUCT~~CUSTOMER~~DC~~SOURCE,,,0,0,0,0,,,1,125
930,1696,TS111,111,90,POST_DEPENDENT,"27",0,value1-value2,xminusy,0,PRODUCT~~ALL~~DC~~SOURCE,,,0,0,0,0,,,1,125
931,1697,TS112,112,98,POST_DEPENDENT,"27",0,value1-value2,xminusy,0,PRODUCT~~CUSTOMER~~DC~~SOURCE,,,0,0,0,0,,,1,125
932,1698,TS113,113,106,POST_DEPENDENT,"27",0,value1*value2,xmultipliedy,0,PRODUCT~~CUSTOMER~~DC~~SOURCE,,,0,0,0,0,,,1,125
933,1699,TS114,114,114,POST_DEPENDENT,"27",0,value1,xequalsy,0,PRODUCT~~CUSTOMER~~DC~~SOURCE,,,0,0,0,0,,,1,125
934,1700,TS115,115,122,POST_DEPENDENT,"27",0,value1 * 0.05,xmultipliedconstant,0,PRODUCT~~CUSTOMER~~DC~~SOURCE,,,0,0,0,0,,,1,125
935,1701,TS116,116,165,POST_DEPENDENT,"27",0,value1* value2,xmultipliedy,0,PRODUCT~~CUSTOMER~~DC~~SOURCE,,,0,0,0,0,,,1,125
936,1702,TS117,117,320,POST_DEPENDENT,"27",0,value1*value2,xmultipliedy,0,PRODUCT~~CUSTOMER~~DC~~SOURCE,,,0,0,0,0,,,1,125
937,1703,TS118,118,411,POST_INDEPENDENT,"63",1,"Scenario(B,value1)",,0,PRODUCT~~ALL~~ALL~~SOURCE,,,0,0,0,0,,,1,125
938,1704,TS119,119,431,POST_INDEPENDENT,"27",1,NA,,0,PRODUCT~~CUSTOMER~~DC~~SOURCE,,,0,0,0,0,,,1,125
939,1705,TS120,120,447,POST_DEPENDENT,"27",1,value1/nodetodetailcount1 * value2,avg_by_leafcount_mby_y,0,PRODUCT~~CUSTOMER~~DC~~SOURCE,,,0,0,0,0,,,1,125
940,1706,TS121,121,457,POST_INDEPENDENT,"27",1,NA,,0,PRODUCT~~CUSTOMER~~DC~~SOURCE,,,0,0,0,0,,,1,125
941,1707,TS122,122,465,POST_INDEPENDENT,"27",1,NA,,0,PRODUCT~~CUSTOMER~~DC~~SOURCE,,,0,0,0,0,,,1,125
942,1708,TS123,123,473,POST_INDEPENDENT,"27",1,NA,,0,PRODUCT~~CUSTOMER~~DC~~SOURCE,,,0,0,0,0,,,1,125
943,1709,TS124,124,481,POST_INDEPENDENT,"27",1,NA,,0,PRODUCT~~CUSTOMER~~DC~~SOURCE,,,0,0,0,0,,,1,125
944,1710,TS125,125,489,POST_INDEPENDENT,"27",1,NA,,0,PRODUCT~~CUSTOMER~~DC~~SOURCE,,,0,0,0,0,,,1,125
945,1711,TS126,126,2,POST_INDEPENDENT,"27",1,NA,,0,PRODUCT~~CUSTOMER~~DC~~SOURCE,,,0,0,0,0,,,1,125
946,1712,TS127,127,50,POST_INDEPENDENT,"27",0,value1,xequalsy,0,PRODUCT~~CUSTOMER~~DC~~SOURCE,,,0,0,0,0,,,1,125
947,1713,TS128,128,13,POST_INDEPENDENT,"63",1,value1,xequalsy,0,PRODUCT~~CUSTOMER~~DC~~SOURCE,,,0,0,0,0,,,1,125
948,1714,TS129,129,22,POST_INDEPENDENT,"27",1,value1*value2,xmultipliedy,0,PRODUCT~~CUSTOMER~~DC~~SOURCE,,,0,0,0,0,,,1,125
949,1715,TS130,130,30,POST_INDEPENDENT,"27",0,value1,xequalsy,0,PRODUCT~~CUSTOMER~~DC~~SOURCE,,,0,0,0,0,,,1,125
950,1716,TS131,131,38,POST_RATIO,"27",0,value1,xequalsy,0,PRODUCT~~CUSTOMER~~DC~~SOURCE,,,0,0,0,0,,,1,125
951,1717,TS132,132,58,POST_DEPENDENT,"27",1,value1,xequalsy,0,PRODUCT~~CUSTOMER~~DC~~SOURCE,,,0,0,0,0,,,1,125
952,1718,TS133,133,67,POST_INDEPENDENT,"27",1,NA,,0,PRODUCT~~CUSTOMER~~DC~~SOURCE,,,0,0,0,0,,,1,125
953,1719,TS134,134,75,POST_INDEPENDENT,"27",1,NA,,0,PRODUCT~~CUSTOMER~~DC~~SOURCE,,,0,0,0,0,,,1,125
954,1720,TS135,135,83,POST_INDEPENDENT,"27",1,NA,,0,PRODUCT~~CUSTOMER~~DC~~SOURCE,,,0,0,0,0,,,1,125
955,1721,TS136,136,91,POST_DEPENDENT,"27",1,/* case when (ePeriodId1 = iPeriodId) then */ value1 + value2/nodetodetailcount2 + value3/nodetodetailcount3 + value4/nodetodetailcount4 /* when (ePeriodId1 > iPeriodId)  then */ value1 + value2/nodetodetailcount2 + value3/nodetodetailcount3 + value4/nodetodetailcount4 + value5/nodetodetailcount5 /* else */ 0 /* end */  ,currvsrollingv2,0,PRODUCT~~CUSTOMER~~DC~~SOURCE,,,0,0,0,0,,,1,125
956,1722,TS137,137,99,POST_DEPENDENT,"63",0,value1*value2,xmultipliedy,0,PRODUCT~~CUSTOMER~~DC~~SOURCE,,,0,0,0,0,,,1,125
957,1723,TS138,138,107,POST_DEPENDENT,"27",0,value1 - (value2 * value3),xminusymultiz,0,PRODUCT~~CUSTOMER~~DC~~SOURCE,,,0,0,0,0,,,1,125
958,1724,TS139,139,115,POST_DEPENDENT,"27",0,value1 + value2 + value3,sum_xyz,0,PRODUCT~~CUSTOMER~~DC~~SOURCE,,,0,0,0,0,,,1,125
959,1725,TS140,140,123,POST_DEPENDENT,"27",0,value1 * 0.08,xmultipliedconstant,0,PRODUCT~~CUSTOMER~~DC~~SOURCE,,,0,0,0,0,,,1,125
960,1726,TS141,141,166,POST_DEPENDENT,"27",0,value1-value2,xminusy,0,PRODUCT~~CUSTOMER~~DC~~SOURCE,,,0,0,0,0,,,1,125
961,1727,TS142,142,324,POST_DEPENDENT,"27",1,"Scenario(B,value1)",,0,PRODUCT~~CUSTOMER~~DC~~SOURCE,,,0,0,0,0,,,1,125
962,1728,TS143,143,558,POST_DEPENDENT,"27",0,/* case when (value1 * value2) > 0.00001 then */ (value1 * value2) / 30 /*else*/ 0 /* end */,dailyavgv3,0,PRODUCT~~CUSTOMER~~DC~~SOURCE,,,0,0,0,0,,,1,125
963,1729,TS144,144,432,POST_INDEPENDENT,"27",1,"Scenario(A,value1)",,0,PRODUCT~~ALL~~ALL~~SOURCE,,,0,0,0,0,,,1,125
964,1730,TS145,145,448,POST_DEPENDENT,"27",1,value1/nodetodetailcount1 * value2,avg_by_leafcount_mby_y,0,PRODUCT~~CUSTOMER~~DC~~SOURCE,,,0,0,0,0,,,1,125
965,1731,TS146,146,458,POST_INDEPENDENT,"27",1,NA,,0,PRODUCT~~CUSTOMER~~DC~~SOURCE,,,0,0,0,0,,,1,125
966,1732,TS147,147,466,POST_INDEPENDENT,"27",1,NA,,0,PRODUCT~~CUSTOMER~~DC~~SOURCE,,,0,0,0,0,,,1,125
967,1733,TS148,148,474,POST_INDEPENDENT,"27",1,NA,,0,PRODUCT~~CUSTOMER~~DC~~SOURCE,,,0,0,0,0,,,1,125
968,1734,TS149,149,482,POST_INDEPENDENT,"27",1,NA,,0,PRODUCT~~CUSTOMER~~DC~~SOURCE,,,0,0,0,0,,,1,125
969,1735,TS150,150,490,POST_INDEPENDENT,"27",1,NA,,0,PRODUCT~~CUSTOMER~~DC~~SOURCE,,,0,0,0,0,,,1,125
970,1736,TS151,151,3,POST_INDEPENDENT,"27",1,NA,,0,PRODUCT~~CUSTOMER~~DC~~SOURCE,,,0,0,0,0,,,1,125
971,1737,TS152,152,51,POST_INDEPENDENT,"27",0,value1,xequalsy,0,PRODUCT~~CUSTOMER~~DC~~SOURCE,,,0,0,0,0,,,1,125
972,1738,TS153,153,14,POST_INDEPENDENT,"27",1,value1,xequalsy,0,PRODUCT~~CUSTOMER~~DC~~SOURCE,,,0,0,0,0,,,1,125
973,1739,TS154,154,23,POST_INDEPENDENT,"63",0,value1*value2,xmultipliedy,0,PRODUCT~~CUSTOMER~~DC~~SOURCE,,,0,0,0,0,,,1,125
974,1740,TS155,155,31,POST_INDEPENDENT,"63",1,/* case when (value1) = 1 then */ value3 /* else */ value2 /* end */,,0,PRODUCT~~CUSTOMER~~ALL~~ALL,,,0,0,0,0,,,1,125
975,1741,TS156,156,39,POST_RATIO,"27",1,value1,xequalsy,0,PRODUCT~~CUSTOMER~~DC~~SOURCE,,,0,0,0,0,,,1,125
976,1742,TS157,157,59,POST_INDEPENDENT,"27",1,value1,xequalsy,0,PRODUCT~~CUSTOMER~~DC~~SOURCE,,,0,0,0,0,,,1,125
977,1743,TS158,158,68,POST_INDEPENDENT,"27",1,NA,,0,PRODUCT~~CUSTOMER~~DC~~SOURCE,,,0,0,0,0,,,1,125
978,1744,TS159,159,76,POST_INDEPENDENT,"27",1,NA,,0,PRODUCT~~CUSTOMER~~DC~~SOURCE,,,0,0,0,0,,,1,125
979,1745,TS160,160,84,POST_DEPENDENT,"27",0,value1*value2,xmultipliedy,0,PRODUCT~~CUSTOMER~~DC~~SOURCE,,,0,0,0,0,,,1,125
980,1746,TS161,161,92,POST_DEPENDENT,"27",1,value1,xequalsy,0,PRODUCT~~ALL~~ALL~~SOURCE,,,0,0,0,0,,,1,125
981,1747,TS162,162,100,POST_DEPENDENT,"27",0,value1 - (value2 * value3),xminusymultiz,0,PRODUCT~~CUSTOMER~~DC~~SOURCE,,,0,0,0,0,,,1,125
982,1748,TS163,163,108,POST_DEPENDENT,"27",0,value1-value2,xminusy,0,PRODUCT~~ALL~~ALL~~SOURCE,,,0,0,0,0,,,1,125
983,1749,TS164,164,116,POST_DEPENDENT,"27",0,value1 * value2 ,xmultipliedy,0,PRODUCT~~CUSTOMER~~DC~~SOURCE,,,0,0,0,0,,,1,125
984,1750,TS165,165,124,POST_DEPENDENT,"27",0,value1 * 0.03,xmultipliedconstant,0,PRODUCT~~CUSTOMER~~DC~~SOURCE,,,0,0,0,0,,,1,125
985,1751,TS166,166,167,POST_DEPENDENT,"27",0,value1*value2,xmultipliedy,0,PRODUCT~~ALL~~DC~~SOURCE,,,0,0,0,0,,,1,125
986,1752,TS167,167,394,POST_INDEPENDENT,"63",1,"Scenario(A,value1)",,0,PRODUCT~~CUSTOMER~~ALL~~ALL,,,0,0,0,0,,,1,125
987,1753,TS168,168,549,POST_DEPENDENT,"63",0,value1*value2,xmultipliedy,0,PRODUCT~~ALL~~DC~~SOURCE,,,0,0,0,0,,,1,125
988,1754,TS169,169,433,POST_INDEPENDENT,"27",1,"Scenario(B,value1)",,0,PRODUCT~~ALL~~ALL~~SOURCE,,,0,0,0,0,,,1,125
989,1755,TS170,170,449,POST_INDEPENDENT,"27",1,value1,xequalsy,0,PRODUCT~~CUSTOMER~~DC~~SOURCE,,,0,0,0,0,,,1,125
990,1756,TS171,171,459,POST_INDEPENDENT,"27",1,NA,,0,PRODUCT~~CUSTOMER~~DC~~SOURCE,,,0,0,0,0,,,1,125
991,1757,TS172,172,467,POST_INDEPENDENT,"27",1,NA,,0,PRODUCT~~CUSTOMER~~DC~~SOURCE,,,0,0,0,0,,,1,125
992,1758,TS173,173,475,POST_INDEPENDENT,"27",1,NA,,0,PRODUCT~~CUSTOMER~~DC~~SOURCE,,,0,0,0,0,,,1,125
993,1759,TS174,174,483,POST_INDEPENDENT,"27",1,NA,,0,PRODUCT~~CUSTOMER~~DC~~SOURCE,,,0,0,0,0,,,1,125
994,1760,TS175,175,491,POST_INDEPENDENT,"27",1,NA,,0,PRODUCT~~CUSTOMER~~DC~~SOURCE,,,0,0,0,0,,,1,125
995,1761,TS176,176,10,POST_INDEPENDENT,"63",0,value1+value2,xplusy,0,PRODUCT~~CUSTOMER~~DC~~SOURCE,,,0,0,0,0,,,1,125
996,1762,TS177,177,55,POST_DEPENDENT,"27",1,(value1/30*7)+value2,monthtoweekv1,0,PRODUCT~~ALL~~DC~~ALL,,,0,0,0,0,,,1,125
997,1763,TS178,178,18,POST_INDEPENDENT,"27",0,NA,,0,PRODUCT~~CUSTOMER~~DC~~SOURCE,,,0,0,0,0,,,1,125
998,1764,TS179,179,27,POST_INDEPENDENT,"27",1,value1*value2,xmultipliedy,0,PRODUCT~~ALL~~ALL~~SOURCE,,,0,0,0,0,,,1,125
999,1765,TS180,180,35,POST_INDEPENDENT,"27",1,/* case when (ePeriodId1 = iPeriodId) then */ value1 /* when (ePeriodId1 > iPeriodId) then */ value2 /* else */ 0 /* end */,curr_period_vs_roll_period_1,0,PRODUCT~~ALL~~ALL~~SOURCE,,,0,0,0,0,,,1,125
1000,1766,TS181,181,43,POST_DEPENDENT,"63",0,(value1 * value2/nodetodetailcount2) ,avg_by_leafcount2,0,PRODUCT~~ALL~~DC~~SOURCE,,,0,0,0,0,,,1,125
1001,1767,TS182,182,63,POST_INDEPENDENT,"27",1,NA,,0,PRODUCT~~CUSTOMER~~DC~~SOURCE,,,0,0,0,0,,,1,125
1002,1768,TS183,183,72,POST_INDEPENDENT,"27",1,NA,,0,PRODUCT~~CUSTOMER~~DC~~SOURCE,,,0,0,0,0,,,1,125
1003,1769,TS184,184,80,POST_INDEPENDENT,"27",1,NA,,0,PRODUCT~~CUSTOMER~~DC~~SOURCE,,,0,0,0,0,,,1,125
1004,1770,TS185,185,88,POST_DEPENDENT,"27",0,value1*value2,xmultipliedy,0,PRODUCT~~CUSTOMER~~DC~~SOURCE,,,0,0,0,0,,,1,125
1005,1771,TS186,186,96,POST_DEPENDENT,"27",0,/* case when (value1) = 1 then */ value2 /* else */ 0 /* end */,xdivideyv1,0,PRODUCT~~ALL~~ALL~~SOURCE,,,0,0,0,0,,,1,125
1006,1772,TS187,187,104,POST_DEPENDENT,"27",0,/* case when (value2) > 0 then */ (value1) * 30 / value2 /* else */ 0 /* end */,dailyavgv2,0,PRODUCT~~ALL~~DC~~SOURCE,,,0,0,0,0,,,1,125
1007,1773,TS188,188,112,POST_DEPENDENT,"27",0,value1-value2,xminusy,0,PRODUCT~~CUSTOMER~~DC~~SOURCE,,,0,0,0,0,,,1,125
1008,1774,TS189,189,120,POST_DEPENDENT,"27",0,value1 - (value2 + value3),xminussumab,0,PRODUCT~~CUSTOMER~~DC~~SOURCE,,,0,0,0,0,,,1,125
1009,1775,TS190,190,157,POST_INDEPENDENT,"27",0,value1,xequalsy,0,PRODUCT~~CUSTOMER~~DC~~SOURCE,,,0,0,0,0,,,1,125
1010,1776,TS191,191,315,POST_DEPENDENT,"63",1,"Scenario(B,value1)",,0,PRODUCT~~CUSTOMER~~DC~~SOURCE,,,0,0,0,0,,,1,125
1011,1777,TS192,192,540,POST_INDEPENDENT,"63",1,"Scenario(A,value1)",,0,PRODUCT~~ALL~~ALL~~SOURCE,,,0,0,0,0,,,1,125
1012,1778,TS193,193,428,POST_DEPENDENT,"27",0,value1 - (value2 * value3),xminusymultiz,0,PRODUCT~~CUSTOMER~~DC~~SOURCE,,,0,0,0,0,,,1,125
1013,1779,TS194,194,442,POST_DEPENDENT,"27",1,/* case when (value4) > 0 then */ (value1 + (value2 - value3)) / value4 /* else */ 0 /* end */ ,,0,PRODUCT~~ALL~~ALL~~SOURCE,,,0,0,0,0,,,1,125
1014,1780,TS195,195,455,POST_INDEPENDENT,"27",1,NA,,0,PRODUCT~~CUSTOMER~~DC~~SOURCE,,,0,0,0,0,,,1,125
1015,1781,TS196,196,463,POST_INDEPENDENT,"27",1,NA,,0,PRODUCT~~CUSTOMER~~DC~~SOURCE,,,0,0,0,0,,,1,125
1016,1782,TS197,197,471,POST_DEPENDENT,"27",0,NA,,0,PRODUCT~~CUSTOMER~~DC~~SOURCE,,,0,0,0,0,,,1,125
1017,1783,TS198,198,479,POST_INDEPENDENT,"27",1,NA,,0,PRODUCT~~CUSTOMER~~DC~~SOURCE,,,0,0,0,0,,,1,125
1018,1784,TS199,199,487,POST_INDEPENDENT,"27",1,NA,,0,PRODUCT~~CUSTOMER~~DC~~SOURCE,,,0,0,0,0,,,1,125
1019,1785,TS200,200,495,POST_INDEPENDENT,"27",1,NA,,0,PRODUCT~~CUSTOMER~~DC~~SOURCE,,,0,0,0,0,,,1,125
1020,1786,TS201,201,498,POST_INDEPENDENT,"27",1,NA,,0,PRODUCT~~CUSTOMER~~DC~~SOURCE,,,0,0,0,0,,,1,125
1021,1787,TS202,202,506,POST_DEPENDENT,"27",1,value1*value2,xmultipliedy,0,PRODUCT~~CUSTOMER~~DC~~SOURCE,,,0,0,0,0,,,1,125
1022,1788,TS203,203,517,POST_INDEPENDENT,"27",1,NA,,0,PRODUCT~~ALL~~DC~~SOURCE,,,0,0,0,0,,,1,125
1023,1789,TS204,204,525,POST_DEPENDENT,"27",1,/*case when (value1 < value2) then*/ value2    /*else*/ value1 /*end*/,,0,PRODUCT~~ALL~~DC~~SOURCE,,,0,0,0,0,,,1,125
1024,1790,TS205,205,552,POST_INDEPENDENT,"27",1,NA,,0,PRODUCT~~ALL~~DC~~ALL,,,0,0,0,0,,,1,125
1025,1791,TS206,206,567,POST_INDEPENDENT,"27",1,"Scenario(A,value1)",,0,PRODUCT~~ALL~~DC~~SOURCE,,,0,0,0,0,,,1,125
1026,1792,TS211,211,0,NONE,"66",0,"0",,0,PRODUCT~~CUSTOMER~~DC~~SOURCE,,,0,0,0,0,,,1,125
1027,1793,TS212,212,0,NONE,"66",0,"0",,0,PRODUCT~~CUSTOMER~~DC~~SOURCE,,,0,0,0,0,,,1,125
1028,1794,TS213,213,0,NONE,"66",0,"0",,0,PRODUCT~~CUSTOMER~~DC~~SOURCE,,,0,0,0,0,,,1,125
1029,1795,TS214,214,0,NONE,"66",0,"0",,0,PRODUCT~~CUSTOMER~~DC~~SOURCE,,,0,0,0,0,,,1,125
1030,1796,TS215,215,0,NONE,"66",0,"0",,0,PRODUCT~~CUSTOMER~~DC~~SOURCE,,,0,0,0,0,,,1,125
1031,1797,TS216,216,0,NONE,"66",0,"0",,0,PRODUCT~~CUSTOMER~~DC~~SOURCE,,,0,0,0,0,,,1,125
1032,1798,TS217,217,0,NONE,"66",1,"0",,0,PRODUCT~~CUSTOMER~~DC~~SOURCE,,,0,0,0,0,,,1,125
1033,1799,TS218,218,0,NONE,"66",1,"0",,0,PRODUCT~~CUSTOMER~~DC~~SOURCE,,,0,0,0,0,,,1,125
1034,1800,TS219,219,501,POST_INDEPENDENT,"27",1,NA,,0,PRODUCT~~CUSTOMER~~DC~~SOURCE,,,0,0,0,0,,,1,125
1035,1801,TS220,220,46,POST_INDEPENDENT,"63",0,value1,xequalsy,0,PRODUCT~~CUSTOMER~~DC~~SOURCE,,,0,0,0,0,,,1,125
1036,1802,TS221,221,509,POST_INDEPENDENT,"27",1,value1,xequalsy,0,PRODUCT~~ALL~~DC~~ALL,,,0,0,0,0,,,1,125
1037,1803,TS222,222,520,POST_DEPENDENT,"27",1,(value1+value2)-(value3+value4+value5),sumxyminussumabc,0,PRODUCT~~ALL~~DC~~SOURCE,,,0,0,0,0,,,1,125
1038,1804,TS223,223,528,POST_DEPENDENT,"27",1,/*case when (value1 < value2) then*/ value2    /*else*/ value1 /*end*/,,0,PRODUCT~~ALL~~DC~~SOURCE,,,0,0,0,0,,,1,125
1039,1805,TS224,224,559,POST_DEPENDENT,"27",1,/* case when (value1-value2) <0 then */ 0 /* else */ value1-value2 /* end */,,0,PRODUCT~~CUSTOMER~~DC~~SOURCE,,,0,0,0,0,,,1,125
1040,1806,TS230,230,0,NONE,"66",1,"0",,0,PRODUCT~~CUSTOMER~~DC~~SOURCE,,,0,0,0,0,,,1,125
1041,1807,TS231,231,0,NONE,"66",0,"0",,0,PRODUCT~~CUSTOMER~~DC~~SOURCE,,,0,0,0,0,,,1,125
1042,1808,TS232,232,0,NONE,"66",0,"0",,0,PRODUCT~~CUSTOMER~~DC~~SOURCE,,,0,0,0,0,,,1,125
1043,1809,TS233,233,0,NONE,"66",0,"0",,0,PRODUCT~~CUSTOMER~~DC~~SOURCE,,,0,0,0,0,,,1,125
1044,1810,TS234,234,0,NONE,"66",0,"0",,0,PRODUCT~~CUSTOMER~~DC~~SOURCE,,,0,0,0,0,,,1,125
1045,1811,TS235,235,0,NONE,"66",0,"0",,0,PRODUCT~~CUSTOMER~~DC~~SOURCE,,,0,0,0,0,,,1,125
1046,1812,TS236,236,0,NONE,"66",1,"0",,0,PRODUCT~~CUSTOMER~~DC~~SOURCE,,,0,0,0,0,,,1,125
1047,1813,TS237,237,47,POST_INDEPENDENT,"27",1,value1,xequalsy,0,PRODUCT~~ALL~~DC~~SOURCE,,,0,0,0,0,,,1,125
1048,1814,TS238,238,502,POST_INDEPENDENT,"27",1,NA,,0,PRODUCT~~CUSTOMER~~DC~~SOURCE,,,0,0,0,0,,,1,125
1049,1815,TS239,239,510,POST_DEPENDENT,"27",0,/*case when (ePeriodId1 = iPeriodId) then*/  value1  /*when (ePeriodId1 > iPeriodId) then*/  value2 /*else*/ 0 /*end*/ ,,0,PRODUCT~~ALL~~DC~~SOURCE,,,0,0,0,0,,,1,125
1050,1816,TS240,240,521,POST_DEPENDENT,"27",1,/*case when (value1 < value2) then*/ value2    /*else*/ value1 /*end*/,,0,PRODUCT~~ALL~~DC~~SOURCE,,,0,0,0,0,,,1,125
1051,1817,TS241,241,529,POST_DEPENDENT,"27",0,"Scenario(A,value1)",,0,PRODUCT~~ALL~~DC~~SOURCE,,,0,0,0,0,,,1,125
1052,1818,TS242,242,560,POST_DEPENDENT,"27",1,value1-(value2+value3+value4),xminussumabc,0,PRODUCT~~ALL~~DC~~SOURCE,,,0,0,0,0,,,1,125
1053,1819,TS248,248,0,NONE,"66",0,"0",,0,PRODUCT~~CUSTOMER~~DC~~SOURCE,,,0,0,0,0,,,1,125
1054,1820,TS249,249,0,NONE,"66",0,"0",,0,PRODUCT~~CUSTOMER~~DC~~SOURCE,,,0,0,0,0,,,1,125
1055,1821,TS250,250,0,NONE,"66",0,"0",,0,PRODUCT~~CUSTOMER~~DC~~SOURCE,,,0,0,0,0,,,1,125
1056,1822,TS251,251,0,NONE,"66",0,"0",,0,PRODUCT~~CUSTOMER~~DC~~SOURCE,,,0,0,0,0,,,1,125
1057,1823,TS252,252,0,NONE,"66",0,"0",,0,PRODUCT~~CUSTOMER~~DC~~SOURCE,,,0,0,0,0,,,1,125
1058,1824,TS253,253,0,NONE,"66",0,"0",,0,PRODUCT~~CUSTOMER~~DC~~SOURCE,,,0,0,0,0,,,1,125
1059,1825,TS254,254,0,NONE,"66",1,"0",,0,PRODUCT~~CUSTOMER~~DC~~SOURCE,,,0,0,0,0,,,1,125
1060,1826,TS255,255,500,POST_INDEPENDENT,"27",1,NA,,0,PRODUCT~~CUSTOMER~~DC~~SOURCE,,,0,0,0,0,,,1,125
1061,1827,TS256,256,508,POST_INDEPENDENT,"27",1,value1,xequalsy,0,PRODUCT~~ALL~~DC~~ALL,,,0,0,0,0,,,1,125
1062,1828,TS257,257,519,POST_DEPENDENT,"27",1,(value1+value2)-(value3+value4),sumxyminussumab,0,PRODUCT~~ALL~~DC~~SOURCE,,,0,0,0,0,,,1,125
1063,1829,TS258,258,527,POST_DEPENDENT,"27",1,/*case when (value1 < value2) then*/ value2    /*else*/ value1 /*end*/,,0,PRODUCT~~ALL~~DC~~SOURCE,,,0,0,0,0,,,1,125
1064,1830,TS259,259,554,POST_DEPENDENT,"27",1,/* case when (value1>value2) then */ value1+value3 /* when (value2>value1) then */ value2+value3 /* else */ 0 /* end */,,0,PRODUCT~~CUSTOMER~~DC~~SOURCE,,,0,0,0,0,,,1,125
1065,1831,TS265,265,0,NONE,"66",0,"0",,0,PRODUCT~~CUSTOMER~~DC~~SOURCE,,,0,0,0,0,,,1,125
1066,1832,TS266,266,0,NONE,"66",0,"0",,0,PRODUCT~~CUSTOMER~~DC~~SOURCE,,,0,0,0,0,,,1,125
1067,1833,TS267,267,0,NONE,"66",0,"0",,0,PRODUCT~~CUSTOMER~~DC~~SOURCE,,,0,0,0,0,,,1,125
1068,1834,TS268,268,0,NONE,"66",0,"0",,0,PRODUCT~~CUSTOMER~~DC~~SOURCE,,,0,0,0,0,,,1,125
1069,1835,TS269,269,0,NONE,"66",0,"0",,0,PRODUCT~~CUSTOMER~~DC~~SOURCE,,,0,0,0,0,,,1,125
1070,1836,TS270,270,0,NONE,"66",0,"0",,0,PRODUCT~~CUSTOMER~~DC~~SOURCE,,,0,0,0,0,,,1,125
1071,1837,TS271,271,0,NONE,"66",1,"0",,0,PRODUCT~~CUSTOMER~~DC~~SOURCE,,,0,0,0,0,,,1,125
1072,1838,TS272,272,499,POST_INDEPENDENT,"27",1,NA,,0,PRODUCT~~CUSTOMER~~DC~~SOURCE,,,0,0,0,0,,,1,125
1073,1839,TS273,273,507,POST_DEPENDENT,"27",1,value1*value2,xmultipliedy,0,PRODUCT~~CUSTOMER~~DC~~SOURCE,,,0,0,0,0,,,1,125
1074,1840,TS274,274,518,POST_INDEPENDENT,"27",0,value1 + value2 - value3,sumabminusc,0,PRODUCT~~ALL~~DC~~SOURCE,,,0,0,0,0,,,1,125
1075,1841,TS275,275,526,POST_DEPENDENT,"27",1,/*case when (value1 < value2) then*/ value2    /*else*/ value1 /*end*/,,0,PRODUCT~~ALL~~DC~~SOURCE,,,0,0,0,0,,,1,125
1076,1842,TS276,276,553,POST_DEPENDENT,"27",0,/* case when value1< 0 then */ 0 /* when value2> value1 then */ value2 /* else */ value3 /*end */,,0,PRODUCT~~ALL~~DC~~SOURCE,,,0,0,0,0,,,1,125
1077,1843,TS277,277,565,POST_DEPENDENT,"27",0,/* case when value1< value2 then */ value1 /* else */ value2 /*end */,,0,PRODUCT~~ALL~~DC~~ALL,,,0,0,0,0,,,1,125
1078,1844,TS282,282,0,NONE,"66",0,"0",,0,PRODUCT~~CUSTOMER~~DC~~SOURCE,,,0,0,0,0,,,1,125
1079,1845,TS283,283,0,NONE,"66",0,"0",,0,PRODUCT~~CUSTOMER~~DC~~SOURCE,,,0,0,0,0,,,1,125
1080,1846,TS284,284,0,NONE,"66",0,"0",,0,PRODUCT~~CUSTOMER~~DC~~SOURCE,,,0,0,0,0,,,1,125
1081,1847,TS285,285,0,NONE,"66",0,"0",,0,PRODUCT~~CUSTOMER~~DC~~SOURCE,,,0,0,0,0,,,1,125
1082,1848,TS286,286,0,NONE,"66",0,"0",,0,PRODUCT~~CUSTOMER~~DC~~SOURCE,,,0,0,0,0,,,1,125
1083,1849,TS287,287,0,NONE,"66",0,"0",,0,PRODUCT~~CUSTOMER~~DC~~SOURCE,,,0,0,0,0,,,1,125
1084,1850,TS288,288,0,NONE,"66",1,"0",,0,PRODUCT~~CUSTOMER~~DC~~SOURCE,,,0,0,0,0,,,1,125
1085,1851,TS289,289,0,NONE,"66",1,"0",,0,PRODUCT~~CUSTOMER~~DC~~SOURCE,,,0,0,0,0,,,1,125
1086,1852,TS290,290,49,POST_INDEPENDENT,"27",1,NA,,0,PRODUCT~~CUSTOMER~~DC~~SOURCE,,,0,0,0,0,,,1,125
1087,1853,TS291,291,504,POST_DEPENDENT,"27",1,value1*value2,xmultipliedy,0,PRODUCT~~CUSTOMER~~DC~~SOURCE,,,0,0,0,0,,,1,125
1088,1854,TS292,292,512,POST_INDEPENDENT,"27",1,NA,,0,PRODUCT~~CUSTOMER~~DC~~ALL,,,0,0,0,0,,,1,125
1089,1855,TS293,293,523,POST_DEPENDENT,"27",1,/*case when (value1 < value2) then*/ value2    /*else*/ value1 /*end*/,,0,PRODUCT~~ALL~~DC~~SOURCE,,,0,0,0,0,,,1,125
1090,1856,TS294,294,550,POST_INDEPENDENT,"27",1,value1,xequalsy,0,PRODUCT~~CUSTOMER~~DC~~SOURCE,,,0,0,0,0,,,1,125
1091,1857,TS295,295,562,POST_INDEPENDENT,"27",1,NA,,0,PRODUCT~~CUSTOMER~~DC~~SOURCE,,,0,0,0,0,,,1,125
1092,1858,TS300,300,0,NONE,"66",0,"0",,0,PRODUCT~~CUSTOMER~~DC~~SOURCE,,,0,0,0,0,,,1,125
1093,1859,TS301,301,0,NONE,"66",0,"0",,0,PRODUCT~~CUSTOMER~~DC~~SOURCE,,,0,0,0,0,,,1,125
1094,1860,TS302,302,0,NONE,"66",0,"0",,0,PRODUCT~~CUSTOMER~~DC~~SOURCE,,,0,0,0,0,,,1,125
1095,1861,TS303,303,0,NONE,"66",0,"0",,0,PRODUCT~~CUSTOMER~~DC~~SOURCE,,,0,0,0,0,,,1,125
1096,1862,TS304,304,0,NONE,"66",0,"0",,0,PRODUCT~~CUSTOMER~~DC~~SOURCE,,,0,0,0,0,,,1,125
1097,1863,TS305,305,0,NONE,"66",0,"0",,0,PRODUCT~~CUSTOMER~~DC~~SOURCE,,,0,0,0,0,,,1,125
1098,1864,TS306,306,0,NONE,"66",1,"0",,0,PRODUCT~~CUSTOMER~~DC~~SOURCE,,,0,0,0,0,,,1,125
1099,1865,TS307,307,0,NONE,"66",1,"0",,0,PRODUCT~~CUSTOMER~~DC~~SOURCE,,,0,0,0,0,,,1,125
1100,1866,TS308,308,497,POST_INDEPENDENT,"27",1,NA,,0,PRODUCT~~CUSTOMER~~DC~~SOURCE,,,0,0,0,0,,,1,125
1101,1867,TS309,309,505,POST_DEPENDENT,"27",1,value1*value2,xmultipliedy,0,PRODUCT~~CUSTOMER~~DC~~SOURCE,,,0,0,0,0,,,1,125
1102,1868,TS310,310,516,POST_INDEPENDENT,"27",1,NA,,0,PRODUCT~~ALL~~DC~~SOURCE,,,0,0,0,0,,,1,125
1103,1869,TS311,311,524,POST_DEPENDENT,"27",1,/*case when (value1 < value2) then*/ value2    /*else*/ value1 /*end*/,,0,PRODUCT~~ALL~~DC~~SOURCE,,,0,0,0,0,,,1,125
1104,1870,TS312,312,551,POST_INDEPENDENT,"27",0,value2,,0,PRODUCT~~CUSTOMER~~DC~~SOURCE,,,0,0,0,0,,,1,125
1105,1871,TS313,313,566,POST_INDEPENDENT,"27",1,"Scenario(A,value1)",,0,PRODUCT~~ALL~~DC~~SOURCE,,,0,0,0,0,,,1,125
1106,1872,TS318,318,0,NONE,"66",0,"0",,0,PRODUCT~~CUSTOMER~~DC~~SOURCE,,,0,0,0,0,,,1,125
1107,1873,TS319,319,0,NONE,"66",0,"0",,0,PRODUCT~~CUSTOMER~~DC~~SOURCE,,,0,0,0,0,,,1,125
1108,1874,TS320,320,0,NONE,"66",0,"0",,0,PRODUCT~~CUSTOMER~~DC~~SOURCE,,,0,0,0,0,,,1,125
1109,1875,TS321,321,0,NONE,"66",0,"0",,0,PRODUCT~~CUSTOMER~~DC~~SOURCE,,,0,0,0,0,,,1,125
1110,1876,TS322,322,0,NONE,"66",0,"0",,0,PRODUCT~~CUSTOMER~~DC~~SOURCE,,,0,0,0,0,,,1,125
1111,1877,TS323,323,0,NONE,"66",0,"0",,0,PRODUCT~~CUSTOMER~~DC~~SOURCE,,,0,0,0,0,,,1,125
1112,1878,TS324,324,0,NONE,"66",1,"0",,0,PRODUCT~~CUSTOMER~~DC~~SOURCE,,,0,0,0,0,,,1,125
1113,1879,TS325,325,0,NONE,"66",1,"0",,0,PRODUCT~~CUSTOMER~~DC~~SOURCE,,,0,0,0,0,,,1,125
1114,1880,TS326,326,48,POST_INDEPENDENT,"27",1,NA,,0,PRODUCT~~CUSTOMER~~DC~~SOURCE,,,0,0,0,0,,,1,125
1115,1881,TS327,327,503,POST_DEPENDENT,"27",1,value1*value2,xmultipliedy,0,PRODUCT~~CUSTOMER~~DC~~SOURCE,,,0,0,0,0,,,1,125
1116,1882,TS328,328,511,POST_DEPENDENT,"27",0,/* case when (ePeriodId1 = iPeriodId) then */ (value1+value2+value3+value4)  /*when (ePeriodId1 > iPeriodId) then */ (value1+value2+value3+value4+value5) /* else */ 0 /* end */ ,curr_period_vs_roll_period_2,0,PRODUCT~~ALL~~DC~~SOURCE,,,0,0,0,0,,,1,125
1117,1883,TS329,329,522,POST_DEPENDENT,"27",1,/*case when (value1 < value2) then*/ value2    /*else*/ value1  /*end*/,,0,PRODUCT~~ALL~~DC~~SOURCE,,,0,0,0,0,,,1,125
1118,1884,TS330,330,532,POST_DEPENDENT,"27",0,"Scenario(A,value1)",,0,PRODUCT~~ALL~~DC~~SOURCE,,,0,0,0,0,,,1,125
1119,1885,TS331,331,561,POST_DEPENDENT,"27",1,value1-value2,xminusy,0,PRODUCT~~ALL~~DC~~SOURCE,,,0,0,0,0,,,1,125
1120,1886,TS337,337,0,NONE,"66",0,"0",,0,PRODUCT~~CUSTOMER~~DC~~SOURCE,,,0,0,0,0,,,1,125
1121,1887,TS338,338,0,NONE,"66",0,"0",,0,PRODUCT~~CUSTOMER~~DC~~SOURCE,,,0,0,0,0,,,1,125
1122,1888,TS339,339,0,NONE,"66",0,"0",,0,PRODUCT~~CUSTOMER~~DC~~SOURCE,,,0,0,0,0,,,1,125
1123,1889,TS340,340,0,NONE,"66",0,"0",,0,PRODUCT~~CUSTOMER~~DC~~SOURCE,,,0,0,0,0,,,1,125
1124,1890,TS341,341,0,NONE,"66",0,"0",,0,PRODUCT~~CUSTOMER~~DC~~SOURCE,,,0,0,0,0,,,1,125
1125,1891,TS342,342,0,NONE,"66",0,"0",,0,PRODUCT~~CUSTOMER~~DC~~SOURCE,,,0,0,0,0,,,1,125
1126,1892,TS343,343,0,NONE,"66",1,"0",,0,PRODUCT~~CUSTOMER~~DC~~SOURCE,,,0,0,0,0,,,1,125
1127,1893,TS373,373,7,POST_INDEPENDENT,"65",1,value1,xequalsy,0,PRODUCT~~CUSTOMER~~DC~~SOURCE,,,0,0,0,0,,,1,125
1331,2352,TS1,1,999,CYCLEROLL,FUTURE_HORIZON,0,NODEFAULT:ARCHIVE,,0,,NONE,,0,0,0,0,,,1,125
1332,2353,TS2,2,999,CYCLEROLL,FUTURE_HORIZON,0,NODEFAULT:ARCHIVE,,0,,NONE,,0,0,0,0,,,1,125
1333,2354,TS3,3,999,CYCLEROLL,FUTURE_HORIZON,0,NODEFAULT:ARCHIVE,,0,,NONE,,0,0,0,0,,,1,125
1334,2355,TS4,4,999,CYCLEROLL,FUTURE_HORIZON,0,NODEFAULT:ARCHIVE,,0,,NONE,,0,0,0,0,,,1,125
1335,2356,TS5,5,999,CYCLEROLL,FUTURE_HORIZON,0,NODEFAULT:ARCHIVE,,0,,NONE,,0,0,0,0,,,1,125
1336,2357,TS6,6,999,CYCLEROLL,FUTURE_HORIZON,0,NODEFAULT:ARCHIVE,,0,,NONE,,0,0,0,0,,,1,125
1337,2358,TS7,7,999,CYCLEROLL,FUTURE_HORIZON,0,NODEFAULT:ARCHIVE,,0,,NONE,,0,0,0,0,,,1,125
1338,2359,TS8,8,999,CYCLEROLL,FUTURE_HORIZON,0,NODEFAULT:ARCHIVE,,0,,NONE,,0,0,0,0,,,1,125
1339,2360,TS9,9,999,CYCLEROLL,FUTURE_HORIZON,0,NODEFAULT:ARCHIVE,,0,,NONE,,0,0,0,0,,,1,125
1340,2361,TS10,10,999,CYCLEROLL,FUTURE_HORIZON,0,NODEFAULT:ARCHIVE,,0,,NONE,,0,0,0,0,,,1,125
1341,2362,TS11,11,999,CYCLEROLL,FUTURE_HORIZON,0,NODEFAULT:ARCHIVE,,0,,NONE,,0,0,0,0,,,1,125
1342,2363,TS12,12,999,CYCLEROLL,FUTURE_HORIZON,0,NODEFAULT:ARCHIVE,,0,,NONE,,0,0,0,0,,,1,125
1343,2364,TS13,13,999,CYCLEROLL,FUTURE_HORIZON,0,NODEFAULT:ARCHIVE,,0,,NONE,,0,0,0,0,,,1,125
1344,2365,TS14,14,999,CYCLEROLL,FUTURE_HORIZON,0,NODEFAULT:ARCHIVE,,0,,NONE,,0,0,0,0,,,1,125
1345,2366,TS15,15,999,CYCLEROLL,FUTURE_HORIZON,0,NODEFAULT:ARCHIVE,,0,,NONE,,0,0,0,0,,,1,125
1346,2367,TS16,16,999,CYCLEROLL,FUTURE_HORIZON,0,NODEFAULT:ARCHIVE,,0,,NONE,,0,0,0,0,,,1,125
1347,2368,TS17,17,999,CYCLEROLL,FUTURE_HORIZON,0,NODEFAULT:ARCHIVE,,0,,NONE,,0,0,0,0,,,1,125
1348,2369,TS18,18,999,CYCLEROLL,FUTURE_HORIZON,0,NODEFAULT:ARCHIVE,,0,,NONE,,0,0,0,0,,,1,125
1349,2370,TS19,19,999,CYCLEROLL,FUTURE_HORIZON,0,NODEFAULT:ARCHIVE,,0,,NONE,,0,0,0,0,,,1,125
1350,2371,TS20,20,999,CYCLEROLL,FUTURE_HORIZON,0,NODEFAULT:ARCHIVE,,0,,NONE,,0,0,0,0,,,1,125
1351,2372,TS21,21,999,CYCLEROLL,FUTURE_HORIZON,0,NODEFAULT:ARCHIVE,,0,,NONE,,0,0,0,0,,,1,125
1352,2373,TS22,22,999,CYCLEROLL,FUTURE_HORIZON,0,NODEFAULT:ARCHIVE,,0,,NONE,,0,0,0,0,,,1,125
1353,2374,TS23,23,999,CYCLEROLL,FUTURE_HORIZON,0,NODEFAULT:ARCHIVE,,0,,NONE,,0,0,0,0,,,1,125
1354,2375,TS24,24,999,CYCLEROLL,FUTURE_HORIZON,0,NODEFAULT:ARCHIVE,,0,,NONE,,0,0,0,0,,,1,125
1355,2376,TS25,25,999,CYCLEROLL,FUTURE_HORIZON,0,NODEFAULT:ARCHIVE,,0,,NONE,,0,0,0,0,,,1,125
1356,2377,TS26,26,999,CYCLEROLL,FUTURE_HORIZON,0,NODEFAULT:ARCHIVE,,0,,NONE,,0,0,0,0,,,1,125
1357,2378,TS27,27,999,CYCLEROLL,FUTURE_HORIZON,0,NODEFAULT:ARCHIVE,,0,,NONE,,0,0,0,0,,,1,125
1358,2379,TS28,28,999,CYCLEROLL,FUTURE_HORIZON,0,NODEFAULT:ARCHIVE,,0,,NONE,,0,0,0,0,,,1,125
1359,2380,TS29,29,999,CYCLEROLL,FUTURE_HORIZON,0,NODEFAULT:ARCHIVE,,0,,NONE,,0,0,0,0,,,1,125
1360,2381,TS30,30,999,CYCLEROLL,FUTURE_HORIZON,0,NODEFAULT:ARCHIVE,,0,,NONE,,0,0,0,0,,,1,125
1361,2382,TS31,31,999,CYCLEROLL,FUTURE_HORIZON,0,NODEFAULT:ARCHIVE,,0,,NONE,,0,0,0,0,,,1,125
1362,2383,TS32,32,999,CYCLEROLL,FUTURE_HORIZON,0,NODEFAULT:ARCHIVE,,0,,NONE,,0,0,0,0,,,1,125
1363,2384,TS33,33,999,CYCLEROLL,FUTURE_HORIZON,0,NODEFAULT:ARCHIVE,,0,,NONE,,0,0,0,0,,,1,125
1364,2385,TS34,34,999,CYCLEROLL,FUTURE_HORIZON,0,NODEFAULT:ARCHIVE,,0,,NONE,,0,0,0,0,,,1,125
1365,2386,TS35,35,999,CYCLEROLL,FUTURE_HORIZON,0,NODEFAULT:ARCHIVE,,0,,NONE,,0,0,0,0,,,1,125
1366,2387,TS36,36,999,CYCLEROLL,FUTURE_HORIZON,0,NODEFAULT:ARCHIVE,,0,,NONE,,0,0,0,0,,,1,125
1367,2388,TS37,37,999,CYCLEROLL,FUTURE_HORIZON,0,NODEFAULT:ARCHIVE,,0,,NONE,,0,0,0,0,,,1,125
1368,2389,TS38,38,999,CYCLEROLL,FUTURE_HORIZON,0,NODEFAULT:ARCHIVE,,0,,NONE,,0,0,0,0,,,1,125
1369,2390,TS39,39,999,CYCLEROLL,FUTURE_HORIZON,0,NODEFAULT:ARCHIVE,,0,,NONE,,0,0,0,0,,,1,125
1370,2391,TS40,40,999,CYCLEROLL,FUTURE_HORIZON,0,NODEFAULT:ARCHIVE,,0,,NONE,,0,0,0,0,,,1,125
1371,2392,TS41,41,999,CYCLEROLL,FUTURE_HORIZON,0,NODEFAULT:ARCHIVE,,0,,NONE,,0,0,0,0,,,1,125
1372,2393,TS42,42,999,CYCLEROLL,FUTURE_HORIZON,0,NODEFAULT:ARCHIVE,,0,,NONE,,0,0,0,0,,,1,125
1373,2394,TS43,43,999,CYCLEROLL,FUTURE_HORIZON,0,NODEFAULT:ARCHIVE,,0,,NONE,,0,0,0,0,,,1,125
1374,2395,TS44,44,999,CYCLEROLL,FUTURE_HORIZON,0,NODEFAULT:ARCHIVE,,0,,NONE,,0,0,0,0,,,1,125
1375,2396,TS45,45,999,CYCLEROLL,FUTURE_HORIZON,0,NODEFAULT:ARCHIVE,,0,,NONE,,0,0,0,0,,,1,125
1376,2397,TS46,46,999,CYCLEROLL,FUTURE_HORIZON,0,NODEFAULT:ARCHIVE,,0,,NONE,,0,0,0,0,,,1,125
1377,2398,TS47,47,999,CYCLEROLL,FUTURE_HORIZON,0,NODEFAULT:ARCHIVE,,0,,NONE,,0,0,0,0,,,1,125
1378,2399,TS48,48,999,CYCLEROLL,FUTURE_HORIZON,0,NODEFAULT:ARCHIVE,,0,,NONE,,0,0,0,0,,,1,125
1379,2400,TS49,49,999,CYCLEROLL,FUTURE_HORIZON,0,NODEFAULT:ARCHIVE,,0,,NONE,,0,0,0,0,,,1,125
1380,2401,TS50,50,999,CYCLEROLL,FUTURE_HORIZON,0,NODEFAULT:ARCHIVE,,0,,NONE,,0,0,0,0,,,1,125
1381,2402,TS51,51,999,CYCLEROLL,FUTURE_HORIZON,0,NODEFAULT:ARCHIVE,,0,,NONE,,0,0,0,0,,,1,125
1382,2403,TS52,52,999,CYCLEROLL,FUTURE_HORIZON,0,NODEFAULT:ARCHIVE,,0,,NONE,,0,0,0,0,,,1,125
1383,2404,TS53,53,999,CYCLEROLL,FUTURE_HORIZON,0,NODEFAULT:ARCHIVE,,0,,NONE,,0,0,0,0,,,1,125
1384,2405,TS54,54,999,CYCLEROLL,FUTURE_HORIZON,0,NODEFAULT:ARCHIVE,,0,,NONE,,0,0,0,0,,,1,125
1385,2406,TS55,55,999,CYCLEROLL,FUTURE_HORIZON,0,NODEFAULT:ARCHIVE,,0,,NONE,,0,0,0,0,,,1,125
1386,2407,TS56,56,999,CYCLEROLL,FUTURE_HORIZON,0,NODEFAULT:ARCHIVE,,0,,NONE,,0,0,0,0,,,1,125
1387,2408,TS57,57,999,CYCLEROLL,FUTURE_HORIZON,0,NODEFAULT:ARCHIVE,,0,,NONE,,0,0,0,0,,,1,125
1388,2409,TS58,58,999,CYCLEROLL,FUTURE_HORIZON,0,NODEFAULT:ARCHIVE,,0,,NONE,,0,0,0,0,,,1,125
1389,2410,TS59,59,999,CYCLEROLL,FUTURE_HORIZON,0,NODEFAULT:ARCHIVE,,0,,NONE,,0,0,0,0,,,1,125
1390,2411,TS60,60,999,CYCLEROLL,FUTURE_HORIZON,0,NODEFAULT:ARCHIVE,,0,,NONE,,0,0,0,0,,,1,125
1391,2412,TS61,61,999,CYCLEROLL,FUTURE_HORIZON,0,NODEFAULT:ARCHIVE,,0,,NONE,,0,0,0,0,,,1,125
1392,2413,TS62,62,999,CYCLEROLL,FUTURE_HORIZON,0,NODEFAULT:ARCHIVE,,0,,NONE,,0,0,0,0,,,1,125
1393,2414,TS63,63,999,CYCLEROLL,FUTURE_HORIZON,0,NODEFAULT:ARCHIVE,,0,,NONE,,0,0,0,0,,,1,125
1394,2415,TS64,64,999,CYCLEROLL,FUTURE_HORIZON,0,NODEFAULT:ARCHIVE,,0,,NONE,,0,0,0,0,,,1,125
1395,2416,TS65,65,999,CYCLEROLL,FUTURE_HORIZON,0,NODEFAULT:ARCHIVE,,0,,NONE,,0,0,0,0,,,1,125
1396,2417,TS66,66,999,CYCLEROLL,FUTURE_HORIZON,0,NODEFAULT:ARCHIVE,,0,,NONE,,0,0,0,0,,,1,125
1397,2418,TS67,67,999,CYCLEROLL,FUTURE_HORIZON,0,NODEFAULT:ARCHIVE,,0,,NONE,,0,0,0,0,,,1,125
1398,2419,TS68,68,999,CYCLEROLL,FUTURE_HORIZON,0,NODEFAULT:ARCHIVE,,0,,NONE,,0,0,0,0,,,1,125
1399,2420,TS69,69,999,CYCLEROLL,FUTURE_HORIZON,0,NODEFAULT:ARCHIVE,,0,,NONE,,0,0,0,0,,,1,125
1400,2421,TS70,70,999,CYCLEROLL,FUTURE_HORIZON,0,NODEFAULT:ARCHIVE,,0,,NONE,,0,0,0,0,,,1,125
1401,2422,TS71,71,999,CYCLEROLL,FUTURE_HORIZON,0,NODEFAULT:ARCHIVE,,0,,NONE,,0,0,0,0,,,1,125
1402,2423,TS72,72,999,CYCLEROLL,FUTURE_HORIZON,0,NODEFAULT:ARCHIVE,,0,,NONE,,0,0,0,0,,,1,125
1403,2424,TS73,73,999,CYCLEROLL,FUTURE_HORIZON,0,NODEFAULT:ARCHIVE,,0,,NONE,,0,0,0,0,,,1,125
1404,2425,TS74,74,999,CYCLEROLL,FUTURE_HORIZON,0,NODEFAULT:ARCHIVE,,0,,NONE,,0,0,0,0,,,1,125
1405,2426,TS75,75,999,CYCLEROLL,FUTURE_HORIZON,0,NODEFAULT:ARCHIVE,,0,,NONE,,0,0,0,0,,,1,125
1406,2427,TS76,76,999,CYCLEROLL,FUTURE_HORIZON,0,NODEFAULT:ARCHIVE,,0,,NONE,,0,0,0,0,,,1,125
1407,2428,TS77,77,999,CYCLEROLL,FUTURE_HORIZON,0,NODEFAULT:ARCHIVE,,0,,NONE,,0,0,0,0,,,1,125
1408,2429,TS78,78,999,CYCLEROLL,FUTURE_HORIZON,0,NODEFAULT:ARCHIVE,,0,,NONE,,0,0,0,0,,,1,125
1409,2430,TS79,79,999,CYCLEROLL,FUTURE_HORIZON,0,NODEFAULT:ARCHIVE,,0,,NONE,,0,0,0,0,,,1,125
1410,2431,TS80,80,999,CYCLEROLL,FUTURE_HORIZON,0,NODEFAULT:ARCHIVE,,0,,NONE,,0,0,0,0,,,1,125
1411,2432,TS81,81,999,CYCLEROLL,FUTURE_HORIZON,0,NODEFAULT:ARCHIVE,,0,,NONE,,0,0,0,0,,,1,125
1412,2433,TS82,82,999,CYCLEROLL,FUTURE_HORIZON,0,NODEFAULT:ARCHIVE,,0,,NONE,,0,0,0,0,,,1,125
1413,2434,TS83,83,999,CYCLEROLL,FUTURE_HORIZON,0,NODEFAULT:ARCHIVE,,0,,NONE,,0,0,0,0,,,1,125
1414,2435,TS84,84,999,CYCLEROLL,FUTURE_HORIZON,0,NODEFAULT:ARCHIVE,,0,,NONE,,0,0,0,0,,,1,125
1415,2436,TS85,85,999,CYCLEROLL,FUTURE_HORIZON,0,NODEFAULT:ARCHIVE,,0,,NONE,,0,0,0,0,,,1,125
1416,2437,TS86,86,999,CYCLEROLL,FUTURE_HORIZON,0,NODEFAULT:ARCHIVE,,0,,NONE,,0,0,0,0,,,1,125
1417,2438,TS87,87,999,CYCLEROLL,FUTURE_HORIZON,0,NODEFAULT:ARCHIVE,,0,,NONE,,0,0,0,0,,,1,125
1418,2439,TS88,88,999,CYCLEROLL,FUTURE_HORIZON,0,NODEFAULT:ARCHIVE,,0,,NONE,,0,0,0,0,,,1,125
1419,2440,TS89,89,999,CYCLEROLL,FUTURE_HORIZON,0,NODEFAULT:ARCHIVE,,0,,NONE,,0,0,0,0,,,1,125
1420,2441,TS90,90,999,CYCLEROLL,FUTURE_HORIZON,0,NODEFAULT:ARCHIVE,,0,,NONE,,0,0,0,0,,,1,125
1421,2442,TS91,91,999,CYCLEROLL,FUTURE_HORIZON,0,NODEFAULT:ARCHIVE,,0,,NONE,,0,0,0,0,,,1,125
1422,2443,TS92,92,999,CYCLEROLL,FUTURE_HORIZON,0,NODEFAULT:ARCHIVE,,0,,NONE,,0,0,0,0,,,1,125
1423,2444,TS93,93,999,CYCLEROLL,FUTURE_HORIZON,0,NODEFAULT:ARCHIVE,,0,,NONE,,0,0,0,0,,,1,125
1424,2445,TS94,94,999,CYCLEROLL,FUTURE_HORIZON,0,NODEFAULT:ARCHIVE,,0,,NONE,,0,0,0,0,,,1,125
1425,2446,TS95,95,999,CYCLEROLL,FUTURE_HORIZON,0,NODEFAULT:ARCHIVE,,0,,NONE,,0,0,0,0,,,1,125
1426,2447,TS96,96,999,CYCLEROLL,FUTURE_HORIZON,0,NODEFAULT:ARCHIVE,,0,,NONE,,0,0,0,0,,,1,125
1427,2448,TS97,97,999,CYCLEROLL,FUTURE_HORIZON,0,NODEFAULT:ARCHIVE,,0,,NONE,,0,0,0,0,,,1,125
1428,2449,TS98,98,999,CYCLEROLL,FUTURE_HORIZON,0,NODEFAULT:ARCHIVE,,0,,NONE,,0,0,0,0,,,1,125
1429,2450,TS99,99,999,CYCLEROLL,FUTURE_HORIZON,0,NODEFAULT:ARCHIVE,,0,,NONE,,0,0,0,0,,,1,125
1430,2451,TS100,100,999,CYCLEROLL,FUTURE_HORIZON,0,NODEFAULT:ARCHIVE,,0,,NONE,,0,0,0,0,,,1,125
1431,2452,TS101,101,999,CYCLEROLL,FUTURE_HORIZON,0,NODEFAULT:ARCHIVE,,0,,NONE,,0,0,0,0,,,1,125
1432,2453,TS102,102,999,CYCLEROLL,FUTURE_HORIZON,0,NODEFAULT:ARCHIVE,,0,,NONE,,0,0,0,0,,,1,125
1433,2454,TS103,103,999,CYCLEROLL,FUTURE_HORIZON,0,NODEFAULT:ARCHIVE,,0,,NONE,,0,0,0,0,,,1,125
1434,2455,TS104,104,999,CYCLEROLL,FUTURE_HORIZON,0,NODEFAULT:ARCHIVE,,0,,NONE,,0,0,0,0,,,1,125
1435,2456,TS105,105,999,CYCLEROLL,FUTURE_HORIZON,0,NODEFAULT:ARCHIVE,,0,,NONE,,0,0,0,0,,,1,125
1436,2457,TS106,106,999,CYCLEROLL,FUTURE_HORIZON,0,NODEFAULT:ARCHIVE,,0,,NONE,,0,0,0,0,,,1,125
1437,2458,TS107,107,999,CYCLEROLL,FUTURE_HORIZON,0,NODEFAULT:ARCHIVE,,0,,NONE,,0,0,0,0,,,1,125
1438,2459,TS108,108,999,CYCLEROLL,FUTURE_HORIZON,0,NODEFAULT:ARCHIVE,,0,,NONE,,0,0,0,0,,,1,125
1439,2460,TS109,109,999,CYCLEROLL,FUTURE_HORIZON,0,NODEFAULT:ARCHIVE,,0,,NONE,,0,0,0,0,,,1,125
1440,2461,TS110,110,999,CYCLEROLL,FUTURE_HORIZON,0,NODEFAULT:ARCHIVE,,0,,NONE,,0,0,0,0,,,1,125
1441,2462,TS111,111,999,CYCLEROLL,FUTURE_HORIZON,0,NODEFAULT:ARCHIVE,,0,,NONE,,0,0,0,0,,,1,125
1442,2463,TS112,112,999,CYCLEROLL,FUTURE_HORIZON,0,NODEFAULT:ARCHIVE,,0,,NONE,,0,0,0,0,,,1,125
1443,2464,TS113,113,999,CYCLEROLL,FUTURE_HORIZON,0,NODEFAULT:ARCHIVE,,0,,NONE,,0,0,0,0,,,1,125
1444,2465,TS114,114,999,CYCLEROLL,FUTURE_HORIZON,0,NODEFAULT:ARCHIVE,,0,,NONE,,0,0,0,0,,,1,125
1445,2466,TS115,115,999,CYCLEROLL,FUTURE_HORIZON,0,NODEFAULT:ARCHIVE,,0,,NONE,,0,0,0,0,,,1,125
1446,2467,TS116,116,999,CYCLEROLL,FUTURE_HORIZON,0,NODEFAULT:ARCHIVE,,0,,NONE,,0,0,0,0,,,1,125
1447,2468,TS117,117,999,CYCLEROLL,FUTURE_HORIZON,0,NODEFAULT:ARCHIVE,,0,,NONE,,0,0,0,0,,,1,125
1448,2469,TS118,118,999,CYCLEROLL,FUTURE_HORIZON,0,NODEFAULT:ARCHIVE,,0,,NONE,,0,0,0,0,,,1,125
1449,2470,TS119,119,999,CYCLEROLL,FUTURE_HORIZON,0,NODEFAULT:ARCHIVE,,0,,NONE,,0,0,0,0,,,1,125
1450,2471,TS120,120,999,CYCLEROLL,FUTURE_HORIZON,0,NODEFAULT:ARCHIVE,,0,,NONE,,0,0,0,0,,,1,125
1451,2472,TS121,121,999,CYCLEROLL,FUTURE_HORIZON,0,NODEFAULT:ARCHIVE,,0,,NONE,,0,0,0,0,,,1,125
1452,2473,TS122,122,999,CYCLEROLL,FUTURE_HORIZON,0,NODEFAULT:ARCHIVE,,0,,NONE,,0,0,0,0,,,1,125
1453,2474,TS123,123,999,CYCLEROLL,FUTURE_HORIZON,0,NODEFAULT:ARCHIVE,,0,,NONE,,0,0,0,0,,,1,125
1454,2475,TS124,124,999,CYCLEROLL,FUTURE_HORIZON,0,NODEFAULT:ARCHIVE,,0,,NONE,,0,0,0,0,,,1,125
1455,2476,TS125,125,999,CYCLEROLL,FUTURE_HORIZON,0,NODEFAULT:ARCHIVE,,0,,NONE,,0,0,0,0,,,1,125
1456,2477,TS126,126,999,CYCLEROLL,FUTURE_HORIZON,0,NODEFAULT:ARCHIVE,,0,,NONE,,0,0,0,0,,,1,125
1457,2478,TS127,127,999,CYCLEROLL,FUTURE_HORIZON,0,NODEFAULT:ARCHIVE,,0,,NONE,,0,0,0,0,,,1,125
1458,2479,TS128,128,999,CYCLEROLL,FUTURE_HORIZON,0,NODEFAULT:ARCHIVE,,0,,NONE,,0,0,0,0,,,1,125
1459,2480,TS129,129,999,CYCLEROLL,FUTURE_HORIZON,0,NODEFAULT:ARCHIVE,,0,,NONE,,0,0,0,0,,,1,125
1460,2481,TS130,130,999,CYCLEROLL,FUTURE_HORIZON,0,NODEFAULT:ARCHIVE,,0,,NONE,,0,0,0,0,,,1,125
1461,2482,TS131,131,999,CYCLEROLL,FUTURE_HORIZON,0,NODEFAULT:ARCHIVE,,0,,NONE,,0,0,0,0,,,1,125
1462,2483,TS132,132,999,CYCLEROLL,FUTURE_HORIZON,0,NODEFAULT:ARCHIVE,,0,,NONE,,0,0,0,0,,,1,125
1463,2484,TS133,133,999,CYCLEROLL,FUTURE_HORIZON,0,NODEFAULT:ARCHIVE,,0,,NONE,,0,0,0,0,,,1,125
1464,2485,TS134,134,999,CYCLEROLL,FUTURE_HORIZON,0,NODEFAULT:ARCHIVE,,0,,NONE,,0,0,0,0,,,1,125
1465,2486,TS135,135,999,CYCLEROLL,FUTURE_HORIZON,0,NODEFAULT:ARCHIVE,,0,,NONE,,0,0,0,0,,,1,125
1466,2487,TS136,136,999,CYCLEROLL,FUTURE_HORIZON,0,NODEFAULT:ARCHIVE,,0,,NONE,,0,0,0,0,,,1,125
1467,2488,TS137,137,999,CYCLEROLL,FUTURE_HORIZON,0,NODEFAULT:ARCHIVE,,0,,NONE,,0,0,0,0,,,1,125
1468,2489,TS138,138,999,CYCLEROLL,FUTURE_HORIZON,0,NODEFAULT:ARCHIVE,,0,,NONE,,0,0,0,0,,,1,125
1469,2490,TS139,139,999,CYCLEROLL,FUTURE_HORIZON,0,NODEFAULT:ARCHIVE,,0,,NONE,,0,0,0,0,,,1,125
1470,2491,TS140,140,999,CYCLEROLL,FUTURE_HORIZON,0,NODEFAULT:ARCHIVE,,0,,NONE,,0,0,0,0,,,1,125
1471,2492,TS141,141,999,CYCLEROLL,FUTURE_HORIZON,0,NODEFAULT:ARCHIVE,,0,,NONE,,0,0,0,0,,,1,125
1472,2493,TS142,142,999,CYCLEROLL,FUTURE_HORIZON,0,NODEFAULT:ARCHIVE,,0,,NONE,,0,0,0,0,,,1,125
1473,2494,TS143,143,999,CYCLEROLL,FUTURE_HORIZON,0,NODEFAULT:ARCHIVE,,0,,NONE,,0,0,0,0,,,1,125
1474,2495,TS144,144,999,CYCLEROLL,FUTURE_HORIZON,0,NODEFAULT:ARCHIVE,,0,,NONE,,0,0,0,0,,,1,125
1475,2496,TS145,145,999,CYCLEROLL,FUTURE_HORIZON,0,NODEFAULT:ARCHIVE,,0,,NONE,,0,0,0,0,,,1,125
1476,2497,TS146,146,999,CYCLEROLL,FUTURE_HORIZON,0,NODEFAULT:ARCHIVE,,0,,NONE,,0,0,0,0,,,1,125
1477,2498,TS147,147,999,CYCLEROLL,FUTURE_HORIZON,0,NODEFAULT:ARCHIVE,,0,,NONE,,0,0,0,0,,,1,125
1478,2499,TS148,148,999,CYCLEROLL,FUTURE_HORIZON,0,NODEFAULT:ARCHIVE,,0,,NONE,,0,0,0,0,,,1,125
1479,2500,TS149,149,999,CYCLEROLL,FUTURE_HORIZON,0,NODEFAULT:ARCHIVE,,0,,NONE,,0,0,0,0,,,1,125
1480,2501,TS150,150,999,CYCLEROLL,FUTURE_HORIZON,0,NODEFAULT:ARCHIVE,,0,,NONE,,0,0,0,0,,,1,125
1481,2502,TS151,151,999,CYCLEROLL,FUTURE_HORIZON,0,NODEFAULT:ARCHIVE,,0,,NONE,,0,0,0,0,,,1,125
1482,2503,TS152,152,999,CYCLEROLL,FUTURE_HORIZON,0,NODEFAULT:ARCHIVE,,0,,NONE,,0,0,0,0,,,1,125
1483,2504,TS153,153,999,CYCLEROLL,FUTURE_HORIZON,0,NODEFAULT:ARCHIVE,,0,,NONE,,0,0,0,0,,,1,125
1484,2505,TS154,154,999,CYCLEROLL,FUTURE_HORIZON,0,NODEFAULT:ARCHIVE,,0,,NONE,,0,0,0,0,,,1,125
1485,2506,TS155,155,999,CYCLEROLL,FUTURE_HORIZON,0,NODEFAULT:ARCHIVE,,0,,NONE,,0,0,0,0,,,1,125
1486,2507,TS156,156,999,CYCLEROLL,FUTURE_HORIZON,0,NODEFAULT:ARCHIVE,,0,,NONE,,0,0,0,0,,,1,125
1487,2508,TS157,157,999,CYCLEROLL,FUTURE_HORIZON,0,NODEFAULT:ARCHIVE,,0,,NONE,,0,0,0,0,,,1,125
1488,2509,TS158,158,999,CYCLEROLL,FUTURE_HORIZON,0,NODEFAULT:ARCHIVE,,0,,NONE,,0,0,0,0,,,1,125
1489,2510,TS159,159,999,CYCLEROLL,FUTURE_HORIZON,0,NODEFAULT:ARCHIVE,,0,,NONE,,0,0,0,0,,,1,125
1490,2511,TS160,160,999,CYCLEROLL,FUTURE_HORIZON,0,NODEFAULT:ARCHIVE,,0,,NONE,,0,0,0,0,,,1,125
1491,2512,TS161,161,999,CYCLEROLL,FUTURE_HORIZON,0,NODEFAULT:ARCHIVE,,0,,NONE,,0,0,0,0,,,1,125
1492,2513,TS162,162,999,CYCLEROLL,FUTURE_HORIZON,0,NODEFAULT:ARCHIVE,,0,,NONE,,0,0,0,0,,,1,125
1493,2514,TS163,163,999,CYCLEROLL,FUTURE_HORIZON,0,NODEFAULT:ARCHIVE,,0,,NONE,,0,0,0,0,,,1,125
1494,2515,TS164,164,999,CYCLEROLL,FUTURE_HORIZON,0,NODEFAULT:ARCHIVE,,0,,NONE,,0,0,0,0,,,1,125
1495,2516,TS165,165,999,CYCLEROLL,FUTURE_HORIZON,0,NODEFAULT:ARCHIVE,,0,,NONE,,0,0,0,0,,,1,125
1496,2517,TS166,166,999,CYCLEROLL,FUTURE_HORIZON,0,NODEFAULT:ARCHIVE,,0,,NONE,,0,0,0,0,,,1,125
1497,2518,TS167,167,999,CYCLEROLL,FUTURE_HORIZON,0,NODEFAULT:ARCHIVE,,0,,NONE,,0,0,0,0,,,1,125
1498,2519,TS168,168,999,CYCLEROLL,FUTURE_HORIZON,0,NODEFAULT:ARCHIVE,,0,,NONE,,0,0,0,0,,,1,125
1499,2520,TS169,169,999,CYCLEROLL,FUTURE_HORIZON,0,NODEFAULT:ARCHIVE,,0,,NONE,,0,0,0,0,,,1,125
1500,2521,TS170,170,999,CYCLEROLL,FUTURE_HORIZON,0,NODEFAULT:ARCHIVE,,0,,NONE,,0,0,0,0,,,1,125
1501,2522,TS171,171,999,CYCLEROLL,FUTURE_HORIZON,0,NODEFAULT:ARCHIVE,,0,,NONE,,0,0,0,0,,,1,125
1502,2523,TS172,172,999,CYCLEROLL,FUTURE_HORIZON,0,NODEFAULT:ARCHIVE,,0,,NONE,,0,0,0,0,,,1,125
1503,2524,TS173,173,999,CYCLEROLL,FUTURE_HORIZON,0,NODEFAULT:ARCHIVE,,0,,NONE,,0,0,0,0,,,1,125
1504,2525,TS174,174,999,CYCLEROLL,FUTURE_HORIZON,0,NODEFAULT:ARCHIVE,,0,,NONE,,0,0,0,0,,,1,125
1505,2526,TS175,175,999,CYCLEROLL,FUTURE_HORIZON,0,NODEFAULT:ARCHIVE,,0,,NONE,,0,0,0,0,,,1,125
1506,2527,TS176,176,999,CYCLEROLL,FUTURE_HORIZON,0,NODEFAULT:ARCHIVE,,0,,NONE,,0,0,0,0,,,1,125
1507,2528,TS177,177,999,CYCLEROLL,FUTURE_HORIZON,0,NODEFAULT:ARCHIVE,,0,,NONE,,0,0,0,0,,,1,125
1508,2529,TS178,178,999,CYCLEROLL,FUTURE_HORIZON,0,NODEFAULT:ARCHIVE,,0,,NONE,,0,0,0,0,,,1,125
1509,2530,TS179,179,999,CYCLEROLL,FUTURE_HORIZON,0,NODEFAULT:ARCHIVE,,0,,NONE,,0,0,0,0,,,1,125
1510,2531,TS180,180,999,CYCLEROLL,FUTURE_HORIZON,0,NODEFAULT:ARCHIVE,,0,,NONE,,0,0,0,0,,,1,125
1511,2532,TS181,181,999,CYCLEROLL,FUTURE_HORIZON,0,NODEFAULT:ARCHIVE,,0,,NONE,,0,0,0,0,,,1,125
1512,2533,TS182,182,999,CYCLEROLL,FUTURE_HORIZON,0,NODEFAULT:ARCHIVE,,0,,NONE,,0,0,0,0,,,1,125
1513,2534,TS183,183,999,CYCLEROLL,FUTURE_HORIZON,0,NODEFAULT:ARCHIVE,,0,,NONE,,0,0,0,0,,,1,125
1514,2535,TS184,184,999,CYCLEROLL,FUTURE_HORIZON,0,NODEFAULT:ARCHIVE,,0,,NONE,,0,0,0,0,,,1,125
1515,2536,TS185,185,999,CYCLEROLL,FUTURE_HORIZON,0,NODEFAULT:ARCHIVE,,0,,NONE,,0,0,0,0,,,1,125
1516,2537,TS186,186,999,CYCLEROLL,FUTURE_HORIZON,0,NODEFAULT:ARCHIVE,,0,,NONE,,0,0,0,0,,,1,125
1517,2538,TS187,187,999,CYCLEROLL,FUTURE_HORIZON,0,NODEFAULT:ARCHIVE,,0,,NONE,,0,0,0,0,,,1,125
1518,2539,TS188,188,999,CYCLEROLL,FUTURE_HORIZON,0,NODEFAULT:ARCHIVE,,0,,NONE,,0,0,0,0,,,1,125
1519,2540,TS189,189,999,CYCLEROLL,FUTURE_HORIZON,0,NODEFAULT:ARCHIVE,,0,,NONE,,0,0,0,0,,,1,125
1520,2541,TS190,190,999,CYCLEROLL,FUTURE_HORIZON,0,NODEFAULT:ARCHIVE,,0,,NONE,,0,0,0,0,,,1,125
1521,2542,TS191,191,999,CYCLEROLL,FUTURE_HORIZON,0,NODEFAULT:ARCHIVE,,0,,NONE,,0,0,0,0,,,1,125
1522,2543,TS192,192,999,CYCLEROLL,FUTURE_HORIZON,0,NODEFAULT:ARCHIVE,,0,,NONE,,0,0,0,0,,,1,125
1523,2544,TS193,193,999,CYCLEROLL,FUTURE_HORIZON,0,NODEFAULT:ARCHIVE,,0,,NONE,,0,0,0,0,,,1,125
1524,2545,TS194,194,999,CYCLEROLL,FUTURE_HORIZON,0,NODEFAULT:ARCHIVE,,0,,NONE,,0,0,0,0,,,1,125
1525,2546,TS195,195,999,CYCLEROLL,FUTURE_HORIZON,0,NODEFAULT:ARCHIVE,,0,,NONE,,0,0,0,0,,,1,125
1526,2547,TS196,196,999,CYCLEROLL,FUTURE_HORIZON,0,NODEFAULT:ARCHIVE,,0,,NONE,,0,0,0,0,,,1,125
1527,2548,TS197,197,999,CYCLEROLL,FUTURE_HORIZON,0,NODEFAULT:ARCHIVE,,0,,NONE,,0,0,0,0,,,1,125
1528,2549,TS198,198,999,CYCLEROLL,FUTURE_HORIZON,0,NODEFAULT:ARCHIVE,,0,,NONE,,0,0,0,0,,,1,125
1529,2550,TS199,199,999,CYCLEROLL,FUTURE_HORIZON,0,NODEFAULT:ARCHIVE,,0,,NONE,,0,0,0,0,,,1,125
1530,2551,TS200,200,999,CYCLEROLL,FUTURE_HORIZON,0,NODEFAULT:ARCHIVE,,0,,NONE,,0,0,0,0,,,1,125
1531,2552,TS201,201,999,CYCLEROLL,FUTURE_HORIZON,0,NODEFAULT:ARCHIVE,,0,,NONE,,0,0,0,0,,,1,125
1532,2553,TS202,202,999,CYCLEROLL,FUTURE_HORIZON,0,NODEFAULT:ARCHIVE,,0,,NONE,,0,0,0,0,,,1,125
1533,2554,TS203,203,999,CYCLEROLL,FUTURE_HORIZON,0,NODEFAULT:ARCHIVE,,0,,NONE,,0,0,0,0,,,1,125
1534,2555,TS204,204,999,CYCLEROLL,FUTURE_HORIZON,0,NODEFAULT:ARCHIVE,,0,,NONE,,0,0,0,0,,,1,125
1535,2556,TS205,205,999,CYCLEROLL,FUTURE_HORIZON,0,NODEFAULT:ARCHIVE,,0,,NONE,,0,0,0,0,,,1,125
1536,2557,TS206,206,999,CYCLEROLL,FUTURE_HORIZON,0,NODEFAULT:ARCHIVE,,0,,NONE,,0,0,0,0,,,1,125
1537,2558,TS211,211,999,CYCLEROLL,FUTURE_HORIZON,0,NODEFAULT:ARCHIVE,,0,,NONE,,0,0,0,0,,,1,125
1538,2559,TS212,212,999,CYCLEROLL,FUTURE_HORIZON,0,NODEFAULT:ARCHIVE,,0,,NONE,,0,0,0,0,,,1,125
1539,2560,TS213,213,999,CYCLEROLL,FUTURE_HORIZON,0,NODEFAULT:ARCHIVE,,0,,NONE,,0,0,0,0,,,1,125
1540,2561,TS214,214,999,CYCLEROLL,FUTURE_HORIZON,0,NODEFAULT:ARCHIVE,,0,,NONE,,0,0,0,0,,,1,125
1541,2562,TS215,215,999,CYCLEROLL,FUTURE_HORIZON,0,NODEFAULT:ARCHIVE,,0,,NONE,,0,0,0,0,,,1,125
1542,2563,TS216,216,999,CYCLEROLL,FUTURE_HORIZON,0,NODEFAULT:ARCHIVE,,0,,NONE,,0,0,0,0,,,1,125
1543,2564,TS217,217,999,CYCLEROLL,FUTURE_HORIZON,0,NODEFAULT:ARCHIVE,,0,,NONE,,0,0,0,0,,,1,125
1544,2565,TS218,218,999,CYCLEROLL,FUTURE_HORIZON,0,NODEFAULT:ARCHIVE,,0,,NONE,,0,0,0,0,,,1,125
1545,2566,TS219,219,999,CYCLEROLL,FUTURE_HORIZON,0,NODEFAULT:ARCHIVE,,0,,NONE,,0,0,0,0,,,1,125
1546,2567,TS220,220,999,CYCLEROLL,FUTURE_HORIZON,0,NODEFAULT:ARCHIVE,,0,,NONE,,0,0,0,0,,,1,125
1547,2568,TS221,221,999,CYCLEROLL,FUTURE_HORIZON,0,NODEFAULT:ARCHIVE,,0,,NONE,,0,0,0,0,,,1,125
1548,2569,TS222,222,999,CYCLEROLL,FUTURE_HORIZON,0,NODEFAULT:ARCHIVE,,0,,NONE,,0,0,0,0,,,1,125
1549,2570,TS223,223,999,CYCLEROLL,FUTURE_HORIZON,0,NODEFAULT:ARCHIVE,,0,,NONE,,0,0,0,0,,,1,125
1550,2571,TS224,224,999,CYCLEROLL,FUTURE_HORIZON,0,NODEFAULT:ARCHIVE,,0,,NONE,,0,0,0,0,,,1,125
1551,2572,TS230,230,999,CYCLEROLL,FUTURE_HORIZON,0,NODEFAULT:ARCHIVE,,0,,NONE,,0,0,0,0,,,1,125
1552,2573,TS231,231,999,CYCLEROLL,FUTURE_HORIZON,0,NODEFAULT:ARCHIVE,,0,,NONE,,0,0,0,0,,,1,125
1553,2574,TS232,232,999,CYCLEROLL,FUTURE_HORIZON,0,NODEFAULT:ARCHIVE,,0,,NONE,,0,0,0,0,,,1,125
1554,2575,TS233,233,999,CYCLEROLL,FUTURE_HORIZON,0,NODEFAULT:ARCHIVE,,0,,NONE,,0,0,0,0,,,1,125
1555,2576,TS234,234,999,CYCLEROLL,FUTURE_HORIZON,0,NODEFAULT:ARCHIVE,,0,,NONE,,0,0,0,0,,,1,125
1556,2577,TS235,235,999,CYCLEROLL,FUTURE_HORIZON,0,NODEFAULT:ARCHIVE,,0,,NONE,,0,0,0,0,,,1,125
1557,2578,TS236,236,999,CYCLEROLL,FUTURE_HORIZON,0,NODEFAULT:ARCHIVE,,0,,NONE,,0,0,0,0,,,1,125
1558,2579,TS237,237,999,CYCLEROLL,FUTURE_HORIZON,0,NODEFAULT:ARCHIVE,,0,,NONE,,0,0,0,0,,,1,125
1559,2580,TS238,238,999,CYCLEROLL,FUTURE_HORIZON,0,NODEFAULT:ARCHIVE,,0,,NONE,,0,0,0,0,,,1,125
1560,2581,TS239,239,999,CYCLEROLL,FUTURE_HORIZON,0,NODEFAULT:ARCHIVE,,0,,NONE,,0,0,0,0,,,1,125
1561,2582,TS240,240,999,CYCLEROLL,FUTURE_HORIZON,0,NODEFAULT:ARCHIVE,,0,,NONE,,0,0,0,0,,,1,125
1562,2583,TS241,241,999,CYCLEROLL,FUTURE_HORIZON,0,NODEFAULT:ARCHIVE,,0,,NONE,,0,0,0,0,,,1,125
1563,2584,TS242,242,999,CYCLEROLL,FUTURE_HORIZON,0,NODEFAULT:ARCHIVE,,0,,NONE,,0,0,0,0,,,1,125
1564,2585,TS248,248,999,CYCLEROLL,FUTURE_HORIZON,0,NODEFAULT:ARCHIVE,,0,,NONE,,0,0,0,0,,,1,125
1565,2586,TS249,249,999,CYCLEROLL,FUTURE_HORIZON,0,NODEFAULT:ARCHIVE,,0,,NONE,,0,0,0,0,,,1,125
1566,2587,TS250,250,999,CYCLEROLL,FUTURE_HORIZON,0,NODEFAULT:ARCHIVE,,0,,NONE,,0,0,0,0,,,1,125
1567,2588,TS251,251,999,CYCLEROLL,FUTURE_HORIZON,0,NODEFAULT:ARCHIVE,,0,,NONE,,0,0,0,0,,,1,125
1568,2589,TS252,252,999,CYCLEROLL,FUTURE_HORIZON,0,NODEFAULT:ARCHIVE,,0,,NONE,,0,0,0,0,,,1,125
1569,2590,TS253,253,999,CYCLEROLL,FUTURE_HORIZON,0,NODEFAULT:ARCHIVE,,0,,NONE,,0,0,0,0,,,1,125
1570,2591,TS254,254,999,CYCLEROLL,FUTURE_HORIZON,0,NODEFAULT:ARCHIVE,,0,,NONE,,0,0,0,0,,,1,125
1571,2592,TS255,255,999,CYCLEROLL,FUTURE_HORIZON,0,NODEFAULT:ARCHIVE,,0,,NONE,,0,0,0,0,,,1,125
1572,2593,TS256,256,999,CYCLEROLL,FUTURE_HORIZON,0,NODEFAULT:ARCHIVE,,0,,NONE,,0,0,0,0,,,1,125
1573,2594,TS257,257,999,CYCLEROLL,FUTURE_HORIZON,0,NODEFAULT:ARCHIVE,,0,,NONE,,0,0,0,0,,,1,125
1574,2595,TS258,258,999,CYCLEROLL,FUTURE_HORIZON,0,NODEFAULT:ARCHIVE,,0,,NONE,,0,0,0,0,,,1,125
1575,2596,TS259,259,999,CYCLEROLL,FUTURE_HORIZON,0,NODEFAULT:ARCHIVE,,0,,NONE,,0,0,0,0,,,1,125
1576,2597,TS265,265,999,CYCLEROLL,FUTURE_HORIZON,0,NODEFAULT:ARCHIVE,,0,,NONE,,0,0,0,0,,,1,125
1577,2598,TS266,266,999,CYCLEROLL,FUTURE_HORIZON,0,NODEFAULT:ARCHIVE,,0,,NONE,,0,0,0,0,,,1,125
1578,2599,TS267,267,999,CYCLEROLL,FUTURE_HORIZON,0,NODEFAULT:ARCHIVE,,0,,NONE,,0,0,0,0,,,1,125
1579,2600,TS268,268,999,CYCLEROLL,FUTURE_HORIZON,0,NODEFAULT:ARCHIVE,,0,,NONE,,0,0,0,0,,,1,125
1580,2601,TS269,269,999,CYCLEROLL,FUTURE_HORIZON,0,NODEFAULT:ARCHIVE,,0,,NONE,,0,0,0,0,,,1,125
1581,2602,TS270,270,999,CYCLEROLL,FUTURE_HORIZON,0,NODEFAULT:ARCHIVE,,0,,NONE,,0,0,0,0,,,1,125
1582,2603,TS271,271,999,CYCLEROLL,FUTURE_HORIZON,0,NODEFAULT:ARCHIVE,,0,,NONE,,0,0,0,0,,,1,125
1583,2604,TS272,272,999,CYCLEROLL,FUTURE_HORIZON,0,NODEFAULT:ARCHIVE,,0,,NONE,,0,0,0,0,,,1,125
1584,2605,TS273,273,999,CYCLEROLL,FUTURE_HORIZON,0,NODEFAULT:ARCHIVE,,0,,NONE,,0,0,0,0,,,1,125
1585,2606,TS274,274,999,CYCLEROLL,FUTURE_HORIZON,0,NODEFAULT:ARCHIVE,,0,,NONE,,0,0,0,0,,,1,125
1586,2607,TS275,275,999,CYCLEROLL,FUTURE_HORIZON,0,NODEFAULT:ARCHIVE,,0,,NONE,,0,0,0,0,,,1,125
1587,2608,TS276,276,999,CYCLEROLL,FUTURE_HORIZON,0,NODEFAULT:ARCHIVE,,0,,NONE,,0,0,0,0,,,1,125
1588,2609,TS277,277,999,CYCLEROLL,FUTURE_HORIZON,0,NODEFAULT:ARCHIVE,,0,,NONE,,0,0,0,0,,,1,125
1589,2610,TS282,282,999,CYCLEROLL,FUTURE_HORIZON,0,NODEFAULT:ARCHIVE,,0,,NONE,,0,0,0,0,,,1,125
1590,2611,TS283,283,999,CYCLEROLL,FUTURE_HORIZON,0,NODEFAULT:ARCHIVE,,0,,NONE,,0,0,0,0,,,1,125
1591,2612,TS284,284,999,CYCLEROLL,FUTURE_HORIZON,0,NODEFAULT:ARCHIVE,,0,,NONE,,0,0,0,0,,,1,125
1592,2613,TS285,285,999,CYCLEROLL,FUTURE_HORIZON,0,NODEFAULT:ARCHIVE,,0,,NONE,,0,0,0,0,,,1,125
1593,2614,TS286,286,999,CYCLEROLL,FUTURE_HORIZON,0,NODEFAULT:ARCHIVE,,0,,NONE,,0,0,0,0,,,1,125
1594,2615,TS287,287,999,CYCLEROLL,FUTURE_HORIZON,0,NODEFAULT:ARCHIVE,,0,,NONE,,0,0,0,0,,,1,125
1595,2616,TS288,288,999,CYCLEROLL,FUTURE_HORIZON,0,NODEFAULT:ARCHIVE,,0,,NONE,,0,0,0,0,,,1,125
1596,2617,TS289,289,999,CYCLEROLL,FUTURE_HORIZON,0,NODEFAULT:ARCHIVE,,0,,NONE,,0,0,0,0,,,1,125
1597,2618,TS290,290,999,CYCLEROLL,FUTURE_HORIZON,0,NODEFAULT:ARCHIVE,,0,,NONE,,0,0,0,0,,,1,125
1598,2619,TS291,291,999,CYCLEROLL,FUTURE_HORIZON,0,NODEFAULT:ARCHIVE,,0,,NONE,,0,0,0,0,,,1,125
1599,2620,TS292,292,999,CYCLEROLL,FUTURE_HORIZON,0,NODEFAULT:ARCHIVE,,0,,NONE,,0,0,0,0,,,1,125
1600,2621,TS293,293,999,CYCLEROLL,FUTURE_HORIZON,0,NODEFAULT:ARCHIVE,,0,,NONE,,0,0,0,0,,,1,125
1601,2622,TS294,294,999,CYCLEROLL,FUTURE_HORIZON,0,NODEFAULT:ARCHIVE,,0,,NONE,,0,0,0,0,,,1,125
1602,2623,TS295,295,999,CYCLEROLL,FUTURE_HORIZON,0,NODEFAULT:ARCHIVE,,0,,NONE,,0,0,0,0,,,1,125
1603,2624,TS300,300,999,CYCLEROLL,FUTURE_HORIZON,0,NODEFAULT:ARCHIVE,,0,,NONE,,0,0,0,0,,,1,125
1604,2625,TS301,301,999,CYCLEROLL,FUTURE_HORIZON,0,NODEFAULT:ARCHIVE,,0,,NONE,,0,0,0,0,,,1,125
1605,2626,TS302,302,999,CYCLEROLL,FUTURE_HORIZON,0,NODEFAULT:ARCHIVE,,0,,NONE,,0,0,0,0,,,1,125
1606,2627,TS303,303,999,CYCLEROLL,FUTURE_HORIZON,0,NODEFAULT:ARCHIVE,,0,,NONE,,0,0,0,0,,,1,125
1607,2628,TS304,304,999,CYCLEROLL,FUTURE_HORIZON,0,NODEFAULT:ARCHIVE,,0,,NONE,,0,0,0,0,,,1,125
1608,2629,TS305,305,999,CYCLEROLL,FUTURE_HORIZON,0,NODEFAULT:ARCHIVE,,0,,NONE,,0,0,0,0,,,1,125
1609,2630,TS306,306,999,CYCLEROLL,FUTURE_HORIZON,0,NODEFAULT:ARCHIVE,,0,,NONE,,0,0,0,0,,,1,125
1610,2631,TS307,307,999,CYCLEROLL,FUTURE_HORIZON,0,NODEFAULT:ARCHIVE,,0,,NONE,,0,0,0,0,,,1,125
1611,2632,TS308,308,999,CYCLEROLL,FUTURE_HORIZON,0,NODEFAULT:ARCHIVE,,0,,NONE,,0,0,0,0,,,1,125
1612,2633,TS309,309,999,CYCLEROLL,FUTURE_HORIZON,0,NODEFAULT:ARCHIVE,,0,,NONE,,0,0,0,0,,,1,125
1613,2634,TS310,310,999,CYCLEROLL,FUTURE_HORIZON,0,NODEFAULT:ARCHIVE,,0,,NONE,,0,0,0,0,,,1,125
1614,2635,TS311,311,999,CYCLEROLL,FUTURE_HORIZON,0,NODEFAULT:ARCHIVE,,0,,NONE,,0,0,0,0,,,1,125
1615,2636,TS312,312,999,CYCLEROLL,FUTURE_HORIZON,0,NODEFAULT:ARCHIVE,,0,,NONE,,0,0,0,0,,,1,125
1616,2637,TS313,313,999,CYCLEROLL,FUTURE_HORIZON,0,NODEFAULT:ARCHIVE,,0,,NONE,,0,0,0,0,,,1,125
1617,2638,TS318,318,999,CYCLEROLL,FUTURE_HORIZON,0,NODEFAULT:ARCHIVE,,0,,NONE,,0,0,0,0,,,1,125
1618,2639,TS319,319,999,CYCLEROLL,FUTURE_HORIZON,0,NODEFAULT:ARCHIVE,,0,,NONE,,0,0,0,0,,,1,125
1619,2640,TS320,320,999,CYCLEROLL,FUTURE_HORIZON,0,NODEFAULT:ARCHIVE,,0,,NONE,,0,0,0,0,,,1,125
1620,2641,TS321,321,999,CYCLEROLL,FUTURE_HORIZON,0,NODEFAULT:ARCHIVE,,0,,NONE,,0,0,0,0,,,1,125
1621,2642,TS322,322,999,CYCLEROLL,FUTURE_HORIZON,0,NODEFAULT:ARCHIVE,,0,,NONE,,0,0,0,0,,,1,125
1622,2643,TS323,323,999,CYCLEROLL,FUTURE_HORIZON,0,NODEFAULT:ARCHIVE,,0,,NONE,,0,0,0,0,,,1,125
1623,2644,TS324,324,999,CYCLEROLL,FUTURE_HORIZON,0,NODEFAULT:ARCHIVE,,0,,NONE,,0,0,0,0,,,1,125
1624,2645,TS325,325,999,CYCLEROLL,FUTURE_HORIZON,0,NODEFAULT:ARCHIVE,,0,,NONE,,0,0,0,0,,,1,125
1625,2646,TS326,326,999,CYCLEROLL,FUTURE_HORIZON,0,NODEFAULT:ARCHIVE,,0,,NONE,,0,0,0,0,,,1,125
1626,2647,TS327,327,999,CYCLEROLL,FUTURE_HORIZON,0,NODEFAULT:ARCHIVE,,0,,NONE,,0,0,0,0,,,1,125
1627,2648,TS328,328,999,CYCLEROLL,FUTURE_HORIZON,0,NODEFAULT:ARCHIVE,,0,,NONE,,0,0,0,0,,,1,125
1628,2649,TS329,329,999,CYCLEROLL,FUTURE_HORIZON,0,NODEFAULT:ARCHIVE,,0,,NONE,,0,0,0,0,,,1,125
1629,2650,TS330,330,999,CYCLEROLL,FUTURE_HORIZON,0,NODEFAULT:ARCHIVE,,0,,NONE,,0,0,0,0,,,1,125
1630,2651,TS331,331,999,CYCLEROLL,FUTURE_HORIZON,0,NODEFAULT:ARCHIVE,,0,,NONE,,0,0,0,0,,,1,125
1631,2652,TS337,337,999,CYCLEROLL,FUTURE_HORIZON,0,NODEFAULT:ARCHIVE,,0,,NONE,,0,0,0,0,,,1,125
1632,2653,TS338,338,999,CYCLEROLL,FUTURE_HORIZON,0,NODEFAULT:ARCHIVE,,0,,NONE,,0,0,0,0,,,1,125
1633,2654,TS339,339,999,CYCLEROLL,FUTURE_HORIZON,0,NODEFAULT:ARCHIVE,,0,,NONE,,0,0,0,0,,,1,125
1634,2655,TS340,340,999,CYCLEROLL,FUTURE_HORIZON,0,NODEFAULT:ARCHIVE,,0,,NONE,,0,0,0,0,,,1,125
1635,2656,TS341,341,999,CYCLEROLL,FUTURE_HORIZON,0,NODEFAULT:ARCHIVE,,0,,NONE,,0,0,0,0,,,1,125
1636,2657,TS342,342,999,CYCLEROLL,FUTURE_HORIZON,0,NODEFAULT:ARCHIVE,,0,,NONE,,0,0,0,0,,,1,125
1637,2658,TS343,343,999,CYCLEROLL,FUTURE_HORIZON,0,NODEFAULT:ARCHIVE,,0,,NONE,,0,0,0,0,,,1,125
1638,2659,TS373,373,999,CYCLEROLL,FUTURE_HORIZON,0,NODEFAULT:ARCHIVE,,0,,NONE,,0,0,0,0,,,1,125
