"TS_ID","EXTERNAL_TIMESERIES_NAME","EXTERNAL_TIMESERIES_DESCRIPTION","TS_TYPE","TS_CONTEXT","TS_DOMAIN","TS_ASPECT","OP_CODE","SOURCE_PLANE","IMPORT_PLANE","RECONCILIATION_TYPE","RECONCILIATION_GRANULARITY","RECONCILIATION_ANCHOR_TO","IS_FORECASTED","IS_HISTORICAL_OVERRIDE","IS_FUTURE_OVERRIDE","APPROPRIATE_LEVEL","OVERRIDABLE_LEVEL","AGGREGATION_STRATEGY","AGGREGATION_RULE","IS_EXCEL_CALCULATED","IS_METRIC","IS_REASON_CODE","TS_PRECISION","ROUNDING_STRATEGY","SOURCE_PLANE_ID","DESTINATION_PLANE_ID","HISTORICAL_OVERRIDE_HORIZON","FUTURE_OVERRIDE_HORIZON","SOURCE_PLANE_1","SOURCE_PLANE_2","SOURCE_PLANE_3","SOURCE_PLANE_4","SOURCE_PLANE_5","IMPORT_PLANE_1","IMPORT_PLANE_2","IMPORT_PLANE_3","IMPORT_PLANE_4","IMPORT_PLANE_5","APPROPRIATE_LEVEL_1","APPROPRIATE_LEVEL_2","APPROPRIATE_LEVEL_3","APPROPRIATE_LEVEL_4","APPROPRIATE_LEVEL_5","OVERRIDABLE_LEVEL_1","OVERRIDABLE_LEVEL_2","OVERRIDABLE_LEVEL_3","OVERRIDABLE_LEVEL_4","OVERRIDABLE_LEVEL_5","TIME_SERIES_NAME","TIME_SERIES_DESC","CONFIG_VERSION_ID","AUDIT_ID"
1,Macro Economic Data (Units),Macro Economic Data (Units),SERVER_CALCULATED,DMSWCNTXT,FORECASTDETAIL,UNITS,,,PRODUCT~~CUSTOMER~~DC~~SOURCE,,,,0,0,1,ANY,ANY,STANDARD_SUM,CURRENT_PERSPECTIVE,0,0,"0",0,NO_ROUNDING,,1,,,,,,,,,,,,,,,,,,,,,,,TS1,Macro Economic Data (Units),1,4
2,Customer Fcst (Units),Customer Fcst (Units),SERVER_CALCULATED,DMSWCNTXT,FORECASTDETAIL,UNITS,,,PRODUCT~~CUSTOMER~~DC~~SOURCE,,,,0,0,1,ANY,ANY,STANDARD_SUM,CURRENT_PERSPECTIVE,0,0,"0",0,NO_ROUNDING,,1,,,,,,,,,,,,,,,,,,,,,,,TS2,Customer Fcst (Units),1,4
3,Workdays (Days),Workdays (Days),SERVER_CALCULATED,DMSWCNTXT,FORECASTDETAIL,UNITS,,,PRODUCT~~ALL~~ALL~~SOURCE,,,,0,0,1,(>=PRODUCT)~~ALL~~ALL~~(>=SOURCE),(>=PRODUCT)~~ALL~~ALL~~(>=SOURCE),COPY_DOWN,CURRENT_PERSPECTIVE,0,0,"0",0,NO_ROUNDING,,4810,,,,,,,,,,,,,,,,,,,,,,,TS3,Workdays (Days),1,4
4,Ind Consensus Plan (Units),Ind Consensus Plan (Units),SERVER_CALCULATED,ATTACHRATE,FORECASTDETAIL,UNITS,,,PRODUCT~~CUSTOMER~~DC~~SOURCE,,,,0,0,1,ANY,ANY,STANDARD_SUM,CURRENT_PERSPECTIVE,0,0,"0",0,NO_ROUNDING,,1,,,,,,,,,,,,,,,,,,,,,,,TS4,Ind Consensus Plan (Units),1,4
5,Finance Plan (Rev),Finance Plan (Rev),SERVER_CALCULATED,DMSWCNTXT,FORECASTDETAIL,REVENUE,,,PRODUCT~~CUSTOMER~~DC~~SOURCE,,,,0,0,1,ANY,ANY,STANDARD_SUM,CURRENT_PERSPECTIVE,0,0,"0",0,NO_ROUNDING,,1,,,,,,,,,,,,,,,,,,,,,,,TS5,Finance Plan (Rev),1,4
6,On Hand Inventory (Cost),On Hand Inventory (Cost),SERVER_CALCULATED,DMSWCNTXT,FORECASTDETAIL,COST,,,PRODUCT~~ALL~~DC~~SOURCE,,,,0,0,0,ANY,NONE,STANDARD_SUM,CURRENT_PERSPECTIVE,0,0,"0",0,NO_ROUNDING,,10,,,,,,,,,,,,,,,,,,,,,,,TS6,On Hand Inventory (Cost),1,4
7,High Fcst (Rev),High Fcst (Rev),SERVER_CALCULATED,DMSWCNTXT,FORECASTDETAIL,REVENUE,,,PRODUCT~~CUSTOMER~~DC~~SOURCE,,,,0,0,0,ANY,NONE,STANDARD_SUM,CURRENT_PERSPECTIVE,0,0,"0",0,NO_ROUNDING,,1,,,,,,,,,,,,,,,,,,,,,,,TS7,High Fcst (Rev),1,4
8,Spare CP 06 (Units),Spare CP 06 (Units),SERVER_CALCULATED,DMSWCNTXT,FORECASTDETAIL,UNITS,,,PRODUCT~~CUSTOMER~~DC~~SOURCE,,,,0,0,1,ANY,ANY,STANDARD_SUM,CURRENT_PERSPECTIVE,0,0,"0",0,NO_ROUNDING,,1,,,,,,,,,,,,,,,,,,,,,,,TS8,Spare CP 06 (Units),1,4
9,Spare CP 14 (Units),Spare CP 14 (Units),SERVER_CALCULATED,DMSWCNTXT,FORECASTDETAIL,UNITS,,,PRODUCT~~CUSTOMER~~DC~~SOURCE,,,,0,0,1,ANY,ANY,STANDARD_SUM,CURRENT_PERSPECTIVE,0,0,"0",0,NO_ROUNDING,,1,,,,,,,,,,,,,,,,,,,,,,,TS9,Spare CP 14 (Units),1,4
10,Sourced Requirement (Units),Sourced Requirement (Units),SERVER_CALCULATED,DMSWCNTXT,FORECASTDETAIL,UNITS,,,PRODUCT~~CUSTOMER~~DC~~SOURCE,,,,0,0,1,ANY,ANY,STANDARD_SUM,CURRENT_PERSPECTIVE,0,0,"0",0,NO_ROUNDING,,1,,,,,,,,,,,,,,,,,,,,,,,TS10,Sourced Requirement (Units),1,4
11,Supplier Commit (Units),Supplier Commit (Units),SERVER_CALCULATED,DMSWCNTXT,FORECASTDETAIL,UNITS,,,PRODUCT~~ALL~~ALL~~SOURCE,,,,0,0,1,(>=PRODUCT)~~ALL~~ALL~~(>=SOURCE),(>=PRODUCT)~~ALL~~ALL~~(>=SOURCE),STANDARD_SUM,CURRENT_PERSPECTIVE,0,0,"0",0,NO_ROUNDING,,4810,,,,,,,,,,,,,,,,,,,,,,,TS11,Supplier Commit (Units),1,4
12,Unconstrained Build Plan (Hrs),Unconstrained Build Plan (Hrs),SERVER_CALCULATED,DMSWCNTXT,FORECASTDETAIL,UNITS,,,PRODUCT~~CUSTOMER~~DC~~SOURCE,,,,0,0,0,ANY,NONE,STANDARD_SUM,CURRENT_PERSPECTIVE,0,0,"0",0,NO_ROUNDING,,1,,,,,,,,,,,,,,,,,,,,,,,TS12,Unconstrained Build Plan (Hrs),1,4
13,Allocation (Units),Allocation (Units),SERVER_CALCULATED,DMSWCNTXT,FORECASTDETAIL,UNITS,,,PRODUCT~~CUSTOMER~~DC~~SOURCE,,,,0,0,1,ANY,ANY,STANDARD_SUM,CURRENT_PERSPECTIVE,0,0,"0",0,NO_ROUNDING,,1,,,,,,,,,,,,,,,,,,,,,,,TS13,Allocation (Units),1,4
14,Overhead (Cost),Overhead (Cost),SERVER_CALCULATED,DMSWCNTXT,FORECASTDETAIL,COST,,,PRODUCT~~CUSTOMER~~DC~~SOURCE,,,,0,0,0,ANY,NONE,STANDARD_SUM,CURRENT_PERSPECTIVE,0,0,"0",0,NO_ROUNDING,,1,,,,,,,,,,,,,,,,,,,,,,,TS14,Overhead (Cost),1,4
15,Operations Income (Rev),Operations Income (Rev),SERVER_CALCULATED,DMSWCNTXT,FORECASTDETAIL,REVENUE,,,PRODUCT~~CUSTOMER~~DC~~SOURCE,,,,0,0,0,ANY,NONE,STANDARD_SUM,CURRENT_PERSPECTIVE,0,0,"0",0,NO_ROUNDING,,1,,,,,,,,,,,,,,,,,,,,,,,TS15,Operations Income (Rev),1,4
16,PY Consensus Demand Plan (Units),PY Consensus Demand Plan (Units),SERVER_CALCULATED,DMSWCNTXT,FORECASTDETAIL,UNITS,,,PRODUCT~~CUSTOMER~~DC~~SOURCE,,,,0,0,0,ANY,NONE,STANDARD_SUM,CURRENT_PERSPECTIVE,0,0,"0",0,NO_ROUNDING,,1,,,,,,,,,,,,,,,,,,,,,,,TS16,PY Consensus Demand Plan (Units),1,4
17,Scenario B-ASP (Rev/Unit),Scenario B-ASP (Rev/Unit),SERVER_CALCULATED,DMSWCNTXT,FORECASTDETAIL,REVENUE,,,PRODUCT~~CUSTOMER~~ALL~~ALL,,,,0,0,1,(>=PRODUCT)~~(>=CUSTOMER)~~all~~all,(>=PRODUCT)~~(>=CUSTOMER)~~all~~all,"WEIGHTED_AVG(Scenario B-Consensus Demand Plan (Rev),Scenario B-Consensus Demand Plan (Units))",CURRENT_PERSPECTIVE,0,0,"0",0,NO_ROUNDING,,5501,,,,,,,,,,,,,,,,,,,,,,,TS17,Scenario B-ASP (Rev/Unit),1,4
18,Scenario B-Projected Inventory (Units),Scenario B-Projected Inventory (Units),SERVER_CALCULATED,DMSWCNTXT,FORECASTDETAIL,UNITS,,,PRODUCT~~ALL~~DC~~SOURCE,,,,0,0,0,(>=PRODUCT)~~all~~(>=DC)~~(>=SOURCE),NONE,STANDARD_SUM,CURRENT_PERSPECTIVE,0,0,"0",0,,,10,,,,,,,,,,,,,,,,,,,,,,,TS18,Scenario B-Projected Inventory (Units),1,4
19,Scenario A-Projected Inventory (Cost),Scenario A-Projected Inventory (Cost),SERVER_CALCULATED,DMSWCNTXT,FORECASTDETAIL,COST,,,PRODUCT~~ALL~~DC~~SOURCE,,,,0,0,0,(>=PRODUCT)~~all~~all~~(>=SOURCE),NONE,COPY_DOWN,CURRENT_PERSPECTIVE,0,0,"0",0,NO_ROUNDING,,10,,,,,,,,,,,,,,,,,,,,,,,TS19,Scenario A-Projected Inventory (Cost),1,4
20,BLSF Run2,BLSF Run2,SERVER_CALCULATED,DMSWCNTXT,FORECASTDETAIL,UNITS,,,PRODUCT~~CUSTOMER~~DC~~SOURCE,,,,0,0,1,ANY,NONE,STANDARD_SUM,CURRENT_PERSPECTIVE,0,0,"0",0,NO_ROUNDING,,1,,,,,,,,,,,,,,,,,,,,,,,TS20,BLSF Run2,1,4
21,Spare CP 20 (Units),Spare CP 20 (Units),SERVER_CALCULATED,DMSWCNTXT,FORECASTDETAIL,UNITS,,,PRODUCT~~CUSTOMER~~DC~~SOURCE,,,,0,0,1,ANY,ANY,STANDARD_SUM,CURRENT_PERSPECTIVE,0,0,"0",0,NO_ROUNDING,,1,,,,,,,,,,,,,,,,,,,,,,,TS21,Spare CP 20 (Units),1,4
22,Promotion Actuals (Units),Promotion Actuals (Units),SERVER_CALCULATED,DMSWCNTXT,FORECASTDETAIL,UNITS,,,PRODUCT~~CUSTOMER~~DC~~SOURCE,,,,0,0,1,ANY,ANY,STANDARD_SUM,CURRENT_PERSPECTIVE,0,0,"0",0,NO_ROUNDING,,1,,,,,,,,,,,,,,,,,,,,,,,TS22,Promotion Actuals (Units),1,4
23,Spare CD 10 (Units),Spare CD 10 (Units),SERVER_CALCULATED,DMSWCNTXT,FORECASTDETAIL,UNITS,,,PRODUCT~~CUSTOMER~~DC~~SOURCE,,,,0,0,1,ANY,ANY,COPY_DOWN,CURRENT_PERSPECTIVE,0,0,"0",0,NO_ROUNDING,,1,,,,,,,,,,,,,,,,,,,,,,,TS23,Spare CD 10 (Units),1,4
24,Spare CP 02 (Rev),Spare CP 02 (Rev),SERVER_CALCULATED,DMSWCNTXT,FORECASTDETAIL,REVENUE,,,PRODUCT~~CUSTOMER~~DC~~SOURCE,,,,0,0,1,ANY,ANY,STANDARD_SUM,CURRENT_PERSPECTIVE,0,0,"0",0,NO_ROUNDING,,1,,,,,,,,,,,,,,,,,,,,,,,TS24,Spare CP 02 (Rev),1,4
25,Spare CP 10 (Rev),Spare CP 10 (Rev),SERVER_CALCULATED,DMSWCNTXT,FORECASTDETAIL,REVENUE,,,PRODUCT~~CUSTOMER~~DC~~SOURCE,,,,0,0,1,ANY,ANY,STANDARD_SUM,CURRENT_PERSPECTIVE,0,0,"0",0,NO_ROUNDING,,1,,,,,,,,,,,,,,,,,,,,,,,TS25,Spare CP 10 (Rev),1,4
26,Actuals Override (Units),Actuals Override (Units),SERVER_CALCULATED,DMSWCNTXT,FORECASTDETAIL,UNITS,,,PRODUCT~~CUSTOMER~~DC~~SOURCE,,,,0,0,1,ANY,ANY,STANDARD_SUM,CURRENT_PERSPECTIVE,0,0,"0",0,NO_ROUNDING,,1,,,,,,,,,,,,,,,,,,,,,,,TS26,Actuals Override (Units),1,4
27,Customer Fcst Delta (Units),Customer Fcst Delta (Units),SERVER_CALCULATED,DMSWCNTXT,FORECASTDETAIL,UNITS,,,PRODUCT~~CUSTOMER~~DC~~SOURCE,,,,0,0,0,ANY,NONE,STANDARD_SUM,CURRENT_PERSPECTIVE,0,0,"0",0,NO_ROUNDING,,1,,,,,,,,,,,,,,,,,,,,,,,TS27,Customer Fcst Delta (Units),1,4
28,Trend (Units),Trend (Units),SERVER_CALCULATED,ATTACHRATE,FORECASTDETAIL,UNITS,,,PRODUCT~~CUSTOMER~~DC~~SOURCE,,,,0,0,0,ANY,NONE,STANDARD_SUM,CURRENT_PERSPECTIVE,0,0,"0",0,NO_ROUNDING,,1,,,,,,,,,,,,,,,,,,,,,,,TS28,Trend (Units),1,4
29,Demand Planner Fcst (Rev),Demand Planner Fcst (Rev),SERVER_CALCULATED,DMSWCNTXT,FORECASTDETAIL,REVENUE,,,PRODUCT~~CUSTOMER~~DC~~SOURCE,,,,0,0,0,ANY,NONE,STANDARD_SUM,CURRENT_PERSPECTIVE,0,0,"0",0,NO_ROUNDING,,1,,,,,,,,,,,,,,,,,,,,,,,TS29,Demand Planner Fcst (Rev),1,4
30,Standard Cost (Cost/Unit),Standard Cost (Cost/Unit),SERVER_CALCULATED,DMSWCNTXT,FORECASTDETAIL,COST,,,PRODUCT~~ALL~~ALL~~SOURCE,,,,0,0,1,(>=PRODUCT)~~ALL~~ALL~~(>=SOURCE),(>=PRODUCT)~~ALL~~ALL~~(>=SOURCE),COPY_DOWN,CURRENT_PERSPECTIVE,0,0,"0",0,NO_ROUNDING,,4810,,,,,,,,,,,,,,,,,,,,,,,TS30,Standard Cost (Cost/Unit),1,4
31,Projected Inventory Turns (Turns),Projected Inventory Turns (Turns),SERVER_CALCULATED,DMSWCNTXT,FORECASTDETAIL,UNITS,,,PRODUCT~~ALL~~DC~~SOURCE,,,,0,0,0,ANY,NONE,STANDARD_SUM,CURRENT_PERSPECTIVE,0,0,"0",0,NO_ROUNDING,,10,,,,,,,,,,,,,,,,,,,,,,,TS31,Projected Inventory Turns (Turns),1,4
32,Low Fcst (Rev),Low Fcst (Rev),SERVER_CALCULATED,DMSWCNTXT,FORECASTDETAIL,REVENUE,,,PRODUCT~~CUSTOMER~~DC~~SOURCE,,,,0,0,0,ANY,NONE,STANDARD_SUM,CURRENT_PERSPECTIVE,0,0,"0",0,NO_ROUNDING,,1,,,,,,,,,,,,,,,,,,,,,,,TS32,Low Fcst (Rev),1,4
33,Spare CP 08 (Units),Spare CP 08 (Units),SERVER_CALCULATED,DMSWCNTXT,FORECASTDETAIL,UNITS,,,PRODUCT~~CUSTOMER~~DC~~SOURCE,,,,0,0,1,ANY,ANY,STANDARD_SUM,CURRENT_PERSPECTIVE,0,0,"0",0,NO_ROUNDING,,1,,,,,,,,,,,,,,,,,,,,,,,TS33,Spare CP 08 (Units),1,4
34,Spare CD 1 (Units),Spare CD 1 (Units),SERVER_CALCULATED,DMSWCNTXT,FORECASTDETAIL,UNITS,,,PRODUCT~~CUSTOMER~~DC~~SOURCE,,,,0,0,1,ANY,ANY,COPY_DOWN,CURRENT_PERSPECTIVE,0,0,"0",0,NO_ROUNDING,,1,,,,,,,,,,,,,,,,,,,,,,,TS34,Spare CD 1 (Units),1,4
35,Consensus Demand Plan (Units),Consensus Demand Plan (Units),SERVER_CALCULATED,DMSWCNTXT,FORECASTDETAIL,UNITS,,,PRODUCT~~CUSTOMER~~DC~~SOURCE,,,,0,0,1,ANY,ANY,STANDARD_SUM,CURRENT_PERSPECTIVE,0,0,"0",0,NO_ROUNDING,,1,,,,,,,,,,,,,,,,,,,,,,,TS35,Consensus Demand Plan (Units),1,4
36,Production Plan (Hrs),Production Plan (Hrs),SERVER_CALCULATED,DMSWCNTXT,FORECASTDETAIL,UNITS,,,PRODUCT~~ALL~~ALL~~SOURCE,,,,0,0,1,ANY,ANY,STANDARD_SUM,CURRENT_PERSPECTIVE,0,0,"0",0,NO_ROUNDING,,4810,,,,,,,,,,,,,,,,,,,,,,,TS36,Production Plan (Hrs),1,4
37,Procurement Plan (Cost),Procurement Plan (Cost),SERVER_CALCULATED,DMSWCNTXT,FORECASTDETAIL,COST,,,PRODUCT~~ALL~~ALL~~SOURCE,,,,0,0,0,(>=PRODUCT)~~ALL~~ALL~~(>=SOURCE),NONE,STANDARD_SUM,CURRENT_PERSPECTIVE,0,0,"0",0,NO_ROUNDING,,4810,,,,,,,,,,,,,,,,,,,,,,,TS37,Procurement Plan (Cost),1,4
38,Allocation (Cost),Allocation (Cost),SERVER_CALCULATED,DMSWCNTXT,FORECASTDETAIL,COST,,,PRODUCT~~ALL~~ALL~~SOURCE,,,,0,0,0,ANY,NONE,STANDARD_SUM,CURRENT_PERSPECTIVE,0,0,"0",0,NO_ROUNDING,,4810,,,,,,,,,,,,,,,,,,,,,,,TS38,Allocation (Cost),1,4
39,Freight (Cost),Freight (Cost),SERVER_CALCULATED,DMSWCNTXT,FORECASTDETAIL,COST,,,PRODUCT~~CUSTOMER~~DC~~SOURCE,,,,0,0,0,ANY,NONE,STANDARD_SUM,CURRENT_PERSPECTIVE,0,0,"0",0,NO_ROUNDING,,1,,,,,,,,,,,,,,,,,,,,,,,TS39,Freight (Cost),1,4
40,Net Profit (Rev),Net Profit (Rev),SERVER_CALCULATED,DMSWCNTXT,FORECASTDETAIL,REVENUE,,,PRODUCT~~CUSTOMER~~DC~~SOURCE,,,,0,0,0,ANY,NONE,STANDARD_SUM,CURRENT_PERSPECTIVE,0,0,"0",0,NO_ROUNDING,,1,,,,,,,,,,,,,,,,,,,,,,,TS40,Net Profit (Rev),1,4
41,Scenario A-Consensus Demand Plan (Rev),Scenario A-Consensus Demand Plan (Rev),SERVER_CALCULATED,DMSWCNTXT,FORECASTDETAIL,REVENUE,,,PRODUCT~~CUSTOMER~~DC~~SOURCE,,,,0,0,0,ANY,NONE,STANDARD_SUM,CURRENT_PERSPECTIVE,0,0,"0",0,NO_ROUNDING,,1,,,,,,,,,,,,,,,,,,,,,,,TS41,Scenario A-Consensus Demand Plan (Rev),1,4
42,Scenario A-Constrained Plan (Units),Scenario A-Constrained Plan (Units),SERVER_CALCULATED,DMSWCNTXT,FORECASTDETAIL,UNITS,,,PRODUCT~~CUSTOMER~~DC~~SOURCE,,,,0,0,1,ANY,ANY,STANDARD_SUM,CURRENT_PERSPECTIVE,0,0,"0",0,NO_ROUNDING,,1,,,,,,,,,,,,,,,,,,,,,,,TS42,Scenario A-Constrained Plan (Units),1,4
43,Scenario A-Constrained Plan Margin (Pct),Scenario A-Constrained Plan Margin (Pct),SERVER_CALCULATED,DMSWCNTXT,FORECASTDETAIL,MARGIN,,,PRODUCT~~CUSTOMER~~DC~~SOURCE,,,,0,0,0,ANY,NONE,STANDARD_SUM,CURRENT_PERSPECTIVE,0,0,"0",0,NO_ROUNDING,,1,,,,,,,,,,,,,,,,,,,,,,,TS43,Scenario A-Constrained Plan Margin (Pct),1,4
44,Scenario A-Target Inventory (Units),Scenario A-Target Inventory (Units),SERVER_CALCULATED,DMSWCNTXT,FORECASTDETAIL,UNITS,,,PRODUCT~~CUSTOMER~~DC~~SOURCE,,,,0,0,0,ANY,NONE,STANDARD_SUM,CURRENT_PERSPECTIVE,0,0,"0",0,NO_ROUNDING,,1,,,,,,,,,,,,,,,,,,,,,,,TS44,Scenario A-Target Inventory (Units),1,4
45,Promotion Plan (Rev),Promotion Plan (Rev),SERVER_CALCULATED,DMSWCNTXT,FORECASTDETAIL,REVENUE,,,PRODUCT~~CUSTOMER~~DC~~SOURCE,,,,0,0,0,ANY,NONE,STANDARD_SUM,CURRENT_PERSPECTIVE,0,0,"0",0,NO_ROUNDING,,1,,,,,,,,,,,,,,,,,,,,,,,TS45,Promotion Plan (Rev),1,4
46,Spare CP 22 (Units),Spare CP 22 (Units),SERVER_CALCULATED,DMSWCNTXT,FORECASTDETAIL,UNITS,,,PRODUCT~~CUSTOMER~~DC~~SOURCE,,,,0,0,1,ANY,ANY,STANDARD_SUM,CURRENT_PERSPECTIVE,0,0,"0",0,NO_ROUNDING,,1,,,,,,,,,,,,,,,,,,,,,,,TS46,Spare CP 22 (Units),1,4
47,Discount (Pct),Discount (Pct),SERVER_CALCULATED,DMSWCNTXT,FORECASTDETAIL,MARGIN,,,PRODUCT~~CUSTOMER~~DC~~SOURCE,,,,0,0,1,ANY,ANY,STANDARD_SUM,CURRENT_PERSPECTIVE,0,0,"0",0,NO_ROUNDING,,1,,,,,,,,,,,,,,,,,,,,,,,TS47,Discount (Pct),1,4
48,Spare CD 8 (Units),Spare CD 8 (Units),SERVER_CALCULATED,DMSWCNTXT,FORECASTDETAIL,UNITS,,,PRODUCT~~CUSTOMER~~DC~~SOURCE,,,,0,0,1,ANY,ANY,COPY_DOWN,CURRENT_PERSPECTIVE,0,0,"0",0,NO_ROUNDING,,1,,,,,,,,,,,,,,,,,,,,,,,TS48,Spare CD 8 (Units),1,4
49,Spare CP 04 (Rev),Spare CP 04 (Rev),SERVER_CALCULATED,DMSWCNTXT,FORECASTDETAIL,REVENUE,,,PRODUCT~~CUSTOMER~~DC~~SOURCE,,,,0,0,1,ANY,ANY,STANDARD_SUM,CURRENT_PERSPECTIVE,0,0,"0",0,NO_ROUNDING,,1,,,,,,,,,,,,,,,,,,,,,,,TS49,Spare CP 04 (Rev),1,4
50,Spare CP 12 (Rev),Spare CP 12 (Rev),SERVER_CALCULATED,DMSWCNTXT,FORECASTDETAIL,REVENUE,,,PRODUCT~~CUSTOMER~~DC~~SOURCE,,,,0,0,1,ANY,ANY,STANDARD_SUM,CURRENT_PERSPECTIVE,0,0,"0",0,NO_ROUNDING,,1,,,,,,,,,,,,,,,,,,,,,,,TS50,Spare CP 12 (Rev),1,4
51,BL Statistical Fcst (Units),BL Statistical Fcst (Units),SERVER_CALCULATED,ATTACHRATE,FORECASTDETAIL,UNITS,,,PRODUCT~~CUSTOMER~~DC~~SOURCE,,,,1,0,0,ANY,NONE,STANDARD_SUM,CURRENT_PERSPECTIVE,0,0,"0",0,NO_ROUNDING,,1,,,,,,,,,,,,,,,,,,,,,,,TS51,BL Statistical Fcst (Units),1,4
52,Customer Fcst (Rev),Customer Fcst (Rev),SERVER_CALCULATED,DMSWCNTXT,FORECASTDETAIL,REVENUE,,,PRODUCT~~CUSTOMER~~DC~~SOURCE,,,,0,0,0,ANY,NONE,STANDARD_SUM,CURRENT_PERSPECTIVE,0,0,"0",0,NO_ROUNDING,,1,,,,,,,,,,,,,,,,,,,,,,,TS52,Customer Fcst (Rev),1,4
53,Baseline (Units),Baseline (Units),SERVER_CALCULATED,ATTACHRATE,FORECASTDETAIL,UNITS,,,PRODUCT~~CUSTOMER~~DC~~SOURCE,,,,0,0,0,ANY,NONE,STANDARD_SUM,CURRENT_PERSPECTIVE,0,0,"0",0,NO_ROUNDING,,1,,,,,,,,,,,,,,,,,,,,,,,TS53,Baseline (Units),1,4
54,Demand Planner Fcst (Units),Demand Planner Fcst (Units),SERVER_CALCULATED,DMSWCNTXT,FORECASTDETAIL,UNITS,,,PRODUCT~~CUSTOMER~~DC~~SOURCE,,,,0,0,1,ANY,ANY,STANDARD_SUM,CURRENT_PERSPECTIVE,0,0,"0",0,NO_ROUNDING,,1,,,,,,,,,,,,,,,,,,,,,,,TS54,Demand Planner Fcst (Units),1,4
55,Finance Plan (Cost),Finance Plan (Cost),SERVER_CALCULATED,DMSWCNTXT,FORECASTDETAIL,COST,,,PRODUCT~~CUSTOMER~~DC~~SOURCE,,,,0,0,1,ANY,ANY,STANDARD_SUM,CURRENT_PERSPECTIVE,0,0,"0",0,NO_ROUNDING,,1,,,,,,,,,,,,,,,,,,,,,,,TS55,Finance Plan (Cost),1,4
56,Finance Gross Margin (Pct),Finance Gross Margin (Pct),SERVER_CALCULATED,DMSWCNTXT,FORECASTDETAIL,MARGIN,,,PRODUCT~~CUSTOMER~~DC~~SOURCE,,,,0,0,0,ANY,NONE,STANDARD_SUM,CURRENT_PERSPECTIVE,0,0,"0",0,NO_ROUNDING,,1,,,,,,,,,,,,,,,,,,,,,,,TS56,Finance Gross Margin (Pct),1,4
57,Low Fcst (Units),Low Fcst (Units),SERVER_CALCULATED,DMSWCNTXT,FORECASTDETAIL,UNITS,,,PRODUCT~~CUSTOMER~~DC~~SOURCE,,,,0,0,1,ANY,ANY,STANDARD_SUM,CURRENT_PERSPECTIVE,0,0,"0",0,NO_ROUNDING,,1,,,,,,,,,,,,,,,,,,,,,,,TS57,Low Fcst (Units),1,4
58,Spare CP 07 (Units),Spare CP 07 (Units),SERVER_CALCULATED,DMSWCNTXT,FORECASTDETAIL,UNITS,,,PRODUCT~~CUSTOMER~~DC~~SOURCE,,,,0,0,1,ANY,ANY,STANDARD_SUM,CURRENT_PERSPECTIVE,0,0,"0",0,NO_ROUNDING,,1,,,,,,,,,,,,,,,,,,,,,,,TS58,Spare CP 07 (Units),1,4
59,Spare CD 0 (Units),Spare CD 0 (Units),SERVER_CALCULATED,DMSWCNTXT,FORECASTDETAIL,UNITS,,,PRODUCT~~CUSTOMER~~DC~~SOURCE,,,,0,0,1,ANY,ANY,COPY_DOWN,CURRENT_PERSPECTIVE,0,0,"0",0,NO_ROUNDING,,1,,,,,,,,,,,,,,,,,,,,,,,TS59,Spare CD 0 (Units),1,4
60,Net Requirement (Units),Net Requirement (Units),SERVER_CALCULATED,DMSWCNTXT,FORECASTDETAIL,UNITS,,,PRODUCT~~ALL~~DC~~SOURCE,,,,0,0,1,ANY,ANY,STANDARD_SUM,CURRENT_PERSPECTIVE,0,0,"0",0,NO_ROUNDING,,10,,,,,,,,,,,,,,,,,,,,,,,TS60,Net Requirement (Units),1,4
61,Production Plan (Units),Production Plan (Units),SERVER_CALCULATED,DMSWCNTXT,FORECASTDETAIL,UNITS,,,PRODUCT~~CUSTOMER~~DC~~SOURCE,,,,0,0,1,ANY,ANY,STANDARD_SUM,CURRENT_PERSPECTIVE,0,0,"0",0,NO_ROUNDING,,1,,,,,,,,,,,,,,,,,,,,,,,TS61,Production Plan (Units),1,4
62,Production Delta (Units),Production Delta (Units),SERVER_CALCULATED,DMSWCNTXT,FORECASTDETAIL,UNITS,,,PRODUCT~~ALL~~ALL~~SOURCE,,,,0,0,0,(>=PRODUCT)~~ALL~~ALL~~(>=SOURCE),NONE,STANDARD_SUM,CURRENT_PERSPECTIVE,0,0,"0",0,NO_ROUNDING,,4810,,,,,,,,,,,,,,,,,,,,,,,TS62,Production Delta (Units),1,4
63,Allocation (Rev),Allocation (Rev),SERVER_CALCULATED,DMSWCNTXT,FORECASTDETAIL,REVENUE,,,PRODUCT~~CUSTOMER~~DC~~SOURCE,,,,0,0,0,ANY,NONE,STANDARD_SUM,CURRENT_PERSPECTIVE,0,0,"0",0,NO_ROUNDING,,1,,,,,,,,,,,,,,,,,,,,,,,TS63,Allocation (Rev),1,4
64,Material (Cost),Material (Cost),SERVER_CALCULATED,DMSWCNTXT,FORECASTDETAIL,COST,,,PRODUCT~~CUSTOMER~~DC~~SOURCE,,,,0,0,0,ANY,NONE,STANDARD_SUM,CURRENT_PERSPECTIVE,0,0,"0",0,NO_ROUNDING,,1,,,,,,,,,,,,,,,,,,,,,,,TS64,Material (Cost),1,4
65,Taxation (Cost),Taxation (Cost),SERVER_CALCULATED,DMSWCNTXT,FORECASTDETAIL,COST,,,PRODUCT~~CUSTOMER~~DC~~SOURCE,,,,0,0,0,ANY,NONE,STANDARD_SUM,CURRENT_PERSPECTIVE,0,0,"0",0,NO_ROUNDING,,1,,,,,,,,,,,,,,,,,,,,,,,TS65,Taxation (Cost),1,4
66,Approved Consensus Demand Plan (Units),Approved Consensus Demand Plan (Units),SERVER_CALCULATED,DMSWCNTXT,FORECASTDETAIL,UNITS,,,PRODUCT~~CUSTOMER~~DC~~SOURCE,,,,0,0,0,ANY,NONE,STANDARD_SUM,CURRENT_PERSPECTIVE,0,0,"0",0,NO_ROUNDING,,1,,,,,,,,,,,,,,,,,,,,,,,TS66,Approved Consensus Demand Plan (Units),1,4
67,Scenario A-Consensus Demand Plan (Units),Scenario A-Consensus Demand Plan (Units),SERVER_CALCULATED,DMSWCNTXT,FORECASTDETAIL,UNITS,,,PRODUCT~~CUSTOMER~~DC~~SOURCE,,,,0,0,1,ANY,ANY,STANDARD_SUM,CURRENT_PERSPECTIVE,0,0,"0",0,NO_ROUNDING,,1,,,,,,,,,,,,,,,,,,,,,,,TS67,Scenario A-Consensus Demand Plan (Units),1,4
68,Scenario A-Consensus Gross Margin (Pct),Scenario A-Consensus Gross Margin (Pct),SERVER_CALCULATED,DMSWCNTXT,FORECASTDETAIL,MARGIN,,,PRODUCT~~CUSTOMER~~DC~~SOURCE,,,,0,0,0,ANY,NONE,STANDARD_SUM,CURRENT_PERSPECTIVE,0,0,"0",0,NO_ROUNDING,,1,,,,,,,,,,,,,,,,,,,,,,,TS68,Scenario A-Consensus Gross Margin (Pct),1,4
69,Scenario A-Projected Inventory (Units),Scenario A-Projected Inventory (Units),SERVER_CALCULATED,DMSWCNTXT,FORECASTDETAIL,UNITS,,,PRODUCT~~ALL~~DC~~SOURCE,,,,0,0,0,(>=PRODUCT)~~all~~(>=DC)~~(>=SOURCE),NONE,STANDARD_SUM,CURRENT_PERSPECTIVE,0,0,"0",0,,,10,,,,,,,,,,,,,,,,,,,,,,,TS69,Scenario A-Projected Inventory (Units),1,4
70,BLSF Run3,BLSF Run3,SERVER_CALCULATED,DMSWCNTXT,FORECASTDETAIL,UNITS,,,PRODUCT~~CUSTOMER~~DC~~SOURCE,,,,0,0,1,ANY,ANY,STANDARD_SUM,CURRENT_PERSPECTIVE,0,0,"0",0,NO_ROUNDING,,1,,,,,,,,,,,,,,,,,,,,,,,TS70,BLSF Run3,1,4
71,Spare CP 21 (Units),Spare CP 21 (Units),SERVER_CALCULATED,DMSWCNTXT,FORECASTDETAIL,UNITS,,,PRODUCT~~CUSTOMER~~DC~~SOURCE,,,,0,0,1,ANY,ANY,STANDARD_SUM,CURRENT_PERSPECTIVE,0,0,"0",0,NO_ROUNDING,,1,,,,,,,,,,,,,,,,,,,,,,,TS71,Spare CP 21 (Units),1,4
72,Promotion Plan (Cost),Promotion Plan (Cost),SERVER_CALCULATED,DMSWCNTXT,FORECASTDETAIL,COST,,,PRODUCT~~CUSTOMER~~DC~~SOURCE,,,,0,0,1,ANY,ANY,STANDARD_SUM,CURRENT_PERSPECTIVE,0,0,"0",0,NO_ROUNDING,,1,,,,,,,,,,,,,,,,,,,,,,,TS72,Promotion Plan (Cost),1,4
73,Spare CD 9 (Units),Spare CD 9 (Units),SERVER_CALCULATED,DMSWCNTXT,FORECASTDETAIL,UNITS,,,PRODUCT~~CUSTOMER~~DC~~SOURCE,,,,0,0,1,ANY,ANY,COPY_DOWN,CURRENT_PERSPECTIVE,0,0,"0",0,NO_ROUNDING,,1,,,,,,,,,,,,,,,,,,,,,,,TS73,Spare CD 9 (Units),1,4
74,Spare CP 03 (Rev),Spare CP 03 (Rev),SERVER_CALCULATED,DMSWCNTXT,FORECASTDETAIL,REVENUE,,,PRODUCT~~CUSTOMER~~DC~~SOURCE,,,,0,0,1,ANY,ANY,STANDARD_SUM,CURRENT_PERSPECTIVE,0,0,"0",0,NO_ROUNDING,,1,,,,,,,,,,,,,,,,,,,,,,,TS74,Spare CP 03 (Rev),1,4
75,Spare CP 11 (Rev),Spare CP 11 (Rev),SERVER_CALCULATED,DMSWCNTXT,FORECASTDETAIL,REVENUE,,,PRODUCT~~CUSTOMER~~DC~~SOURCE,,,,0,0,1,ANY,ANY,STANDARD_SUM,CURRENT_PERSPECTIVE,0,0,"0",0,NO_ROUNDING,,1,,,,,,,,,,,,,,,,,,,,,,,TS75,Spare CP 11 (Rev),1,4
76,Projected ASP (Rev/Unit),Projected ASP (Rev/Unit),SERVER_CALCULATED,DMSWCNTXT,FORECASTDETAIL,REVENUE,,,PRODUCT~~CUSTOMER~~ALL~~ALL,,,,0,0,1,ANY,NONE,STANDARD_SUM,CURRENT_PERSPECTIVE,0,0,"0",0,NO_ROUNDING,,5501,,,,,,,,,,,,,,,,,,,,,,,TS76,Projected ASP (Rev/Unit),1,4
77,Recommended Order Plan (Units),Recommended Order Plan (Units),SERVER_CALCULATED,DMSWCNTXT,FORECASTDETAIL,UNITS,,,PRODUCT~~CUSTOMER~~DC~~SOURCE,,,,0,0,0,ANY,NONE,STANDARD_SUM,CURRENT_PERSPECTIVE,0,0,"0",0,NO_ROUNDING,,1,,,,,,,,,,,,,,,,,,,,,,,TS77,Recommended Order Plan (Units),1,4
78,BL Statistical Fcst (Rev),BL Statistical Fcst (Rev),SERVER_CALCULATED,DMSWCNTXT,FORECASTDETAIL,REVENUE,,,PRODUCT~~CUSTOMER~~DC~~SOURCE,,,,0,0,0,ANY,NONE,STANDARD_SUM,CURRENT_PERSPECTIVE,0,0,"0",0,NO_ROUNDING,,1,,,,,,,,,,,,,,,,,,,,,,,TS78,BL Statistical Fcst (Rev),1,4
79,Source Hours (Hrs/Day),Source Hours (Hrs/Day),SERVER_CALCULATED,DMSWCNTXT,FORECASTDETAIL,UNITS,,,PRODUCT~~ALL~~ALL~~SOURCE,,,,0,0,1,ANY,(>=PRODUCT)~~ALL~~ALL~~(>=SOURCE),COPY_DOWN,CURRENT_PERSPECTIVE,0,0,"0",0,NO_ROUNDING,,4810,,,,,,,,,,,,,,,,,,,,,,,TS79,Source Hours (Hrs/Day),1,4
80,Material Cost (Cost/Unit),Material Cost (Cost/Unit),SERVER_CALCULATED,DMSWCNTXT,FORECASTDETAIL,COST,,,PRODUCT~~ALL~~ALL~~SOURCE,,,,0,0,1,(>=PRODUCT)~~ALL~~ALL~~(>=SOURCE),(>=PRODUCT)~~ALL~~ALL~~(>=SOURCE),COPY_DOWN,CURRENT_PERSPECTIVE,0,0,"0",0,NO_ROUNDING,,4810,,,,,,,,,,,,,,,,,,,,,,,TS80,Material Cost (Cost/Unit),1,4
81,Constrained Plan (Cost),Constrained Plan (Cost),SERVER_CALCULATED,DMSWCNTXT,FORECASTDETAIL,COST,,,PRODUCT~~ALL~~ALL~~SOURCE,,,,0,0,0,ANY,NONE,STANDARD_SUM,CURRENT_PERSPECTIVE,0,0,"0",0,NO_ROUNDING,,4810,,,,,,,,,,,,,,,,,,,,,,,TS81,Constrained Plan (Cost),1,4
82,Spare CP 02 (Units),Spare CP 02 (Units),SERVER_CALCULATED,DMSWCNTXT,FORECASTDETAIL,UNITS,,,PRODUCT~~CUSTOMER~~DC~~SOURCE,,,,0,0,1,ANY,ANY,STANDARD_SUM,CURRENT_PERSPECTIVE,0,0,"0",0,NO_ROUNDING,,1,,,,,,,,,,,,,,,,,,,,,,,TS82,Spare CP 02 (Units),1,4
83,Spare CP 10 (Units),Spare CP 10 (Units),SERVER_CALCULATED,DMSWCNTXT,FORECASTDETAIL,UNITS,,,PRODUCT~~CUSTOMER~~DC~~SOURCE,,,,0,0,1,ANY,ANY,STANDARD_SUM,CURRENT_PERSPECTIVE,0,0,"0",0,NO_ROUNDING,,1,,,,,,,,,,,,,,,,,,,,,,,TS83,Spare CP 10 (Units),1,4
84,Spare CD 3 (Units),Spare CD 3 (Units),SERVER_CALCULATED,DMSWCNTXT,FORECASTDETAIL,UNITS,,,PRODUCT~~CUSTOMER~~DC~~SOURCE,,,,0,0,1,ANY,ANY,COPY_DOWN,CURRENT_PERSPECTIVE,0,0,"0",0,NO_ROUNDING,,1,,,,,,,,,,,,,,,,,,,,,,,TS84,Spare CD 3 (Units),1,4
85,Target Inventory (Units),Target Inventory (Units),SERVER_CALCULATED,DMSWCNTXT,FORECASTDETAIL,UNITS,,,PRODUCT~~CUSTOMER~~DC~~SOURCE,,,,0,0,0,ANY,NONE,STANDARD_SUM,CURRENT_PERSPECTIVE,0,0,"0",0,NO_ROUNDING,,1,,,,,,,,,,,,,,,,,,,,,,,TS85,Target Inventory (Units),1,4
86,Source Requirements (Cost),Source Requirements (Cost),SERVER_CALCULATED,DMSWCNTXT,FORECASTDETAIL,COST,,,PRODUCT~~CUSTOMER~~DC~~SOURCE,,,,0,0,0,ANY,NONE,STANDARD_SUM,CURRENT_PERSPECTIVE,0,0,"0",0,NO_ROUNDING,,1,,,,,,,,,,,,,,,,,,,,,,,TS86,Source Requirements (Cost),1,4
87,SW Dep Statistical Fcst (Units),SW Dep Statistical Fcst (Units),SERVER_CALCULATED,ATTACHRATE,FORECASTDETAIL,UNITS,,,PRODUCT~~CUSTOMER~~DC~~SOURCE,,,,1,0,0,ANY,NONE,STANDARD_SUM,CURRENT_PERSPECTIVE,0,0,"0",0,NO_ROUNDING,,1,,,,,,,,,,,,,,,,,,,,,,,TS87,SW Dep Statistical Fcst (Units),1,4
88,Procurement Delta (Units),Procurement Delta (Units),SERVER_CALCULATED,DMSWCNTXT,FORECASTDETAIL,UNITS,,,PRODUCT~~ALL~~ALL~~SOURCE,,,,0,0,0,(>=PRODUCT)~~ALL~~ALL~~(>=SOURCE),NONE,STANDARD_SUM,CURRENT_PERSPECTIVE,0,0,"0",0,NO_ROUNDING,,4810,,,,,,,,,,,,,,,,,,,,,,,TS88,Procurement Delta (Units),1,4
89,Operating Expenses (Cost),Operating Expenses (Cost),SERVER_CALCULATED,DMSWCNTXT,FORECASTDETAIL,COST,,,PRODUCT~~CUSTOMER~~DC~~SOURCE,,,,0,0,0,ANY,NONE,STANDARD_SUM,CURRENT_PERSPECTIVE,0,0,"0",0,NO_ROUNDING,,1,,,,,,,,,,,,,,,,,,,,,,,TS89,Operating Expenses (Cost),1,4
90,Allocation Rule,Allocation Rule,SERVER_CALCULATED,DMSWCNTXT,FORECASTDETAIL,UNITS,,,PRODUCT~~CUSTOMER~~DC~~SOURCE,,,,0,0,1,ANY,ANY,COPY_DOWN,CURRENT_PERSPECTIVE,0,0,"0",0,NO_ROUNDING,,1,,,,,,,,,,,,,,,,,,,,,,,TS90,Allocation Rule,1,4
91,Scenario B-Constrained Plan (Rev),Scenario B-Constrained Plan (Rev),SERVER_CALCULATED,DMSWCNTXT,FORECASTDETAIL,REVENUE,,,PRODUCT~~CUSTOMER~~DC~~SOURCE,,,,0,0,0,ANY,NONE,STANDARD_SUM,CURRENT_PERSPECTIVE,0,0,"0",0,NO_ROUNDING,,1,,,,,,,,,,,,,,,,,,,,,,,TS91,Scenario B-Constrained Plan (Rev),1,4
92,Scenario B-Consensus Demand Plan (Rev),Scenario B-Consensus Demand Plan (Rev),SERVER_CALCULATED,DMSWCNTXT,FORECASTDETAIL,REVENUE,,,PRODUCT~~CUSTOMER~~DC~~SOURCE,,,,0,0,0,ANY,NONE,STANDARD_SUM,CURRENT_PERSPECTIVE,0,0,"0",0,NO_ROUNDING,,1,,,,,,,,,,,,,,,,,,,,,,,TS92,Scenario B-Consensus Demand Plan (Rev),1,4
93,Scenario B-Constrained Plan Margin (Pct),Scenario B-Constrained Plan Margin (Pct),SERVER_CALCULATED,DMSWCNTXT,FORECASTDETAIL,MARGIN,,,PRODUCT~~CUSTOMER~~DC~~SOURCE,,,,0,0,0,ANY,NONE,STANDARD_SUM,CURRENT_PERSPECTIVE,0,0,"0",0,NO_ROUNDING,,1,,,,,,,,,,,,,,,,,,,,,,,TS93,Scenario B-Constrained Plan Margin (Pct),1,4
94,Scenario B-Production Plan (Hrs),Scenario B-Production Plan (Hrs),SERVER_CALCULATED,DMSWCNTXT,FORECASTDETAIL,UNITS,,,PRODUCT~~ALL~~ALL~~SOURCE,,,,0,0,1,ANY,ANY,STANDARD_SUM,CURRENT_PERSPECTIVE,0,0,"0",0,NO_ROUNDING,,4810,,,,,,,,,,,,,,,,,,,,,,,TS94,Scenario B-Production Plan (Hrs),1,4
95,Spare CP 16 (Units),Spare CP 16 (Units),SERVER_CALCULATED,DMSWCNTXT,FORECASTDETAIL,UNITS,,,PRODUCT~~CUSTOMER~~DC~~SOURCE,,,,0,0,1,ANY,ANY,STANDARD_SUM,CURRENT_PERSPECTIVE,0,0,"0",0,NO_ROUNDING,,1,,,,,,,,,,,,,,,,,,,,,,,TS95,Spare CP 16 (Units),1,4
96,Spare CP 24 (Units),Spare CP 24 (Units),SERVER_CALCULATED,DMSWCNTXT,FORECASTDETAIL,UNITS,,,PRODUCT~~CUSTOMER~~DC~~SOURCE,,,,0,0,1,ANY,ANY,STANDARD_SUM,CURRENT_PERSPECTIVE,0,0,"0",0,NO_ROUNDING,,1,,,,,,,,,,,,,,,,,,,,,,,TS96,Spare CP 24 (Units),1,4
97,Spare CD 14 (Units),Spare CD 14 (Units),SERVER_CALCULATED,DMSWCNTXT,FORECASTDETAIL,UNITS,,,PRODUCT~~CUSTOMER~~DC~~SOURCE,,,,0,0,1,ANY,ANY,COPY_DOWN,CURRENT_PERSPECTIVE,0,0,"0",0,NO_ROUNDING,,1,,,,,,,,,,,,,,,,,,,,,,,TS97,Spare CD 14 (Units),1,4
98,Spare CD 6 (Units),Spare CD 6 (Units),SERVER_CALCULATED,DMSWCNTXT,FORECASTDETAIL,UNITS,,,PRODUCT~~CUSTOMER~~DC~~SOURCE,,,,0,0,1,ANY,ANY,COPY_DOWN,CURRENT_PERSPECTIVE,0,0,"0",0,NO_ROUNDING,,1,,,,,,,,,,,,,,,,,,,,,,,TS98,Spare CD 6 (Units),1,4
99,Spare CP 06 (Rev),Spare CP 06 (Rev),SERVER_CALCULATED,DMSWCNTXT,FORECASTDETAIL,REVENUE,,,PRODUCT~~CUSTOMER~~DC~~SOURCE,,,,0,0,1,ANY,ANY,STANDARD_SUM,CURRENT_PERSPECTIVE,0,0,"0",0,NO_ROUNDING,,1,,,,,,,,,,,,,,,,,,,,,,,TS99,Spare CP 06 (Rev),1,4
100,Spare CP 14 (Rev),Spare CP 14 (Rev),SERVER_CALCULATED,DMSWCNTXT,FORECASTDETAIL,REVENUE,,,PRODUCT~~CUSTOMER~~DC~~SOURCE,,,,0,0,1,ANY,ANY,STANDARD_SUM,CURRENT_PERSPECTIVE,0,0,"0",0,NO_ROUNDING,,1,,,,,,,,,,,,,,,,,,,,,,,TS100,Spare CP 14 (Rev),1,4
101,Marketing Fcst (Units),Marketing Fcst (Units),SERVER_CALCULATED,DMSWCNTXT,FORECASTDETAIL,UNITS,,,PRODUCT~~CUSTOMER~~DC~~SOURCE,,,,0,0,1,ANY,ANY,STANDARD_SUM,CURRENT_PERSPECTIVE,0,0,"0",0,NO_ROUNDING,,1,,,,,,,,,,,,,,,,,,,,,,,TS101,Marketing Fcst (Units),1,4
102,PY Sales Manager Fcst (Units),PY Sales Manager Fcst (Units),SERVER_CALCULATED,DMSWCNTXT,FORECASTDETAIL,UNITS,,,PRODUCT~~CUSTOMER~~DC~~SOURCE,,,,0,0,0,ANY,NONE,STANDARD_SUM,CURRENT_PERSPECTIVE,0,0,"0",0,NO_ROUNDING,,1,,,,,,,,,,,,,,,,,,,,,,,TS102,PY Sales Manager Fcst (Units),1,4
103,Customer Order Plan (Units),Customer Order Plan (Units),SERVER_CALCULATED,DMSWCNTXT,FORECASTDETAIL,UNITS,,,PRODUCT~~CUSTOMER~~DC~~SOURCE,,,,0,0,1,ANY,ANY,STANDARD_SUM,CURRENT_PERSPECTIVE,0,0,"0",0,NO_ROUNDING,,1,,,,,,,,,,,,,,,,,,,,,,,TS103,Customer Order Plan (Units),1,4
104,NPI Fcst (Rev),NPI Fcst (Rev),SERVER_CALCULATED,DMSWCNTXT,FORECASTDETAIL,REVENUE,,,PRODUCT~~CUSTOMER~~DC~~SOURCE,,,,0,0,0,ANY,NONE,STANDARD_SUM,CURRENT_PERSPECTIVE,0,0,"0",0,NO_ROUNDING,,1,,,,,,,,,,,,,,,,,,,,,,,TS104,NPI Fcst (Rev),1,4
105,Production Rate (Units/Hr),Production Rate (Units/Hr),SERVER_CALCULATED,DMSWCNTXT,FORECASTDETAIL,UNITS,,,PRODUCT~~ALL~~ALL~~SOURCE,,,,0,0,1,(>=PRODUCT)~~ALL~~ALL~~(>=SOURCE),(>=PRODUCT)~~ALL~~ALL~~(>=SOURCE),COPY_DOWN,CURRENT_PERSPECTIVE,0,0,"0",0,NO_ROUNDING,,4810,,,,,,,,,,,,,,,,,,,,,,,TS105,Production Rate (Units/Hr),1,4
106,Labor Cost (Cost/Unit),Labor Cost (Cost/Unit),SERVER_CALCULATED,DMSWCNTXT,FORECASTDETAIL,COST,,,PRODUCT~~ALL~~ALL~~SOURCE,,,,0,0,1,(>=PRODUCT)~~ALL~~ALL~~(>=SOURCE),(>=PRODUCT)~~ALL~~ALL~~(>=SOURCE),COPY_DOWN,CURRENT_PERSPECTIVE,0,0,"0",0,NO_ROUNDING,,4810,,,,,,,,,,,,,,,,,,,,,,,TS106,Labor Cost (Cost/Unit),1,4
107,PY Account Manager Fcst (Units),PY Account Manager Fcst (Units),SERVER_CALCULATED,DMSWCNTXT,FORECASTDETAIL,UNITS,,,PRODUCT~~CUSTOMER~~DC~~SOURCE,,,,0,0,0,ANY,NONE,STANDARD_SUM,CURRENT_PERSPECTIVE,0,0,"0",0,NO_ROUNDING,,1,,,,,,,,,,,,,,,,,,,,,,,TS107,PY Account Manager Fcst (Units),1,4
108,Spare CP 03 (Units),Spare CP 03 (Units),SERVER_CALCULATED,DMSWCNTXT,FORECASTDETAIL,UNITS,,,PRODUCT~~CUSTOMER~~DC~~SOURCE,,,,0,0,1,ANY,ANY,STANDARD_SUM,CURRENT_PERSPECTIVE,0,0,"0",0,NO_ROUNDING,,1,,,,,,,,,,,,,,,,,,,,,,,TS108,Spare CP 03 (Units),1,4
109,Spare CP 11 (Units),Spare CP 11 (Units),SERVER_CALCULATED,DMSWCNTXT,FORECASTDETAIL,UNITS,,,PRODUCT~~CUSTOMER~~DC~~SOURCE,,,,0,0,1,ANY,ANY,STANDARD_SUM,CURRENT_PERSPECTIVE,0,0,"0",0,NO_ROUNDING,,1,,,,,,,,,,,,,,,,,,,,,,,TS109,Spare CP 11 (Units),1,4
110,Spare CD 4 (Units),Spare CD 4 (Units),SERVER_CALCULATED,DMSWCNTXT,FORECASTDETAIL,UNITS,,,PRODUCT~~CUSTOMER~~DC~~SOURCE,,,,0,0,1,ANY,ANY,COPY_DOWN,CURRENT_PERSPECTIVE,0,0,"0",0,NO_ROUNDING,,1,,,,,,,,,,,,,,,,,,,,,,,TS110,Spare CD 4 (Units),1,4
111,Projected Inventory (Units),Projected Inventory (Units),SERVER_CALCULATED,DMSWCNTXT,FORECASTDETAIL,UNITS,,,PRODUCT~~ALL~~DC~~SOURCE,,,,0,0,0,ANY,NONE,STANDARD_SUM,CURRENT_PERSPECTIVE,0,0,"0",0,NO_ROUNDING,,10,,,,,,,,,,,,,,,,,,,,,,,TS111,Projected Inventory (Units),1,4
112,Source Margin (Pct),Source Margin (Pct),SERVER_CALCULATED,DMSWCNTXT,FORECASTDETAIL,MARGIN,,,PRODUCT~~CUSTOMER~~DC~~SOURCE,,,,0,0,0,ANY,NONE,STANDARD_SUM,CURRENT_PERSPECTIVE,0,0,"0",0,NO_ROUNDING,,1,,,,,,,,,,,,,,,,,,,,,,,TS112,Source Margin (Pct),1,4
113,Constrained Plan (Rev),Constrained Plan (Rev),SERVER_CALCULATED,DMSWCNTXT,FORECASTDETAIL,REVENUE,,,PRODUCT~~CUSTOMER~~DC~~SOURCE,,,,0,0,0,ANY,NONE,STANDARD_SUM,CURRENT_PERSPECTIVE,0,0,"0",0,NO_ROUNDING,,1,,,,,,,,,,,,,,,,,,,,,,,TS113,Constrained Plan (Rev),1,4
114,Gross Sales (Rev),Gross Sales (Rev),SERVER_CALCULATED,DMSWCNTXT,FORECASTDETAIL,REVENUE,,,PRODUCT~~CUSTOMER~~DC~~SOURCE,,,,0,0,0,ANY,NONE,STANDARD_SUM,CURRENT_PERSPECTIVE,0,0,"0",0,NO_ROUNDING,,1,,,,,,,,,,,,,,,,,,,,,,,TS114,Gross Sales (Rev),1,4
115,R&D (Cost),R&D (Cost),SERVER_CALCULATED,DMSWCNTXT,FORECASTDETAIL,COST,,,PRODUCT~~CUSTOMER~~DC~~SOURCE,,,,0,0,0,ANY,NONE,STANDARD_SUM,CURRENT_PERSPECTIVE,0,0,"0",0,NO_ROUNDING,,1,,,,,,,,,,,,,,,,,,,,,,,TS115,R&D (Cost),1,4
116,Consensus Demand Plan (Cost),Consensus Demand Plan (Cost),SERVER_CALCULATED,DMSWCNTXT,FORECASTDETAIL,COST,,,PRODUCT~~CUSTOMER~~DC~~SOURCE,,,,0,0,0,ANY,NONE,STANDARD_SUM,CURRENT_PERSPECTIVE,0,0,"0",0,NO_ROUNDING,,1,,,,,,,,,,,,,,,,,,,,,,,TS116,Consensus Demand Plan (Cost),1,4
117,Scenario A-Constrained Plan (Rev),Scenario A-Constrained Plan (Rev),SERVER_CALCULATED,DMSWCNTXT,FORECASTDETAIL,REVENUE,,,PRODUCT~~CUSTOMER~~DC~~SOURCE,,,,0,0,0,ANY,NONE,STANDARD_SUM,CURRENT_PERSPECTIVE,0,0,"0",0,NO_ROUNDING,,1,,,,,,,,,,,,,,,,,,,,,,,TS117,Scenario A-Constrained Plan (Rev),1,4
118,Scenario B-Standard Cost (Cost/Unit),Scenario B-Standard Cost (Cost/Unit),SERVER_CALCULATED,DMSWCNTXT,FORECASTDETAIL,COST,,,PRODUCT~~ALL~~ALL~~SOURCE,,,,0,0,1,(>=PRODUCT)~~all~~all~~(>=SOURCE),(>=PRODUCT)~~all~~all~~(>=SOURCE),COPY_DOWN,CURRENT_PERSPECTIVE,0,0,"0",0,NO_ROUNDING,,4810,,,,,,,,,,,,,,,,,,,,,,,TS118,Scenario B-Standard Cost (Cost/Unit),1,4
119,Spare CP 01 (Units),Spare CP 01 (Units),SERVER_CALCULATED,DMSWCNTXT,FORECASTDETAIL,UNITS,,,PRODUCT~~CUSTOMER~~DC~~SOURCE,,,,0,0,1,ANY,ANY,STANDARD_SUM,CURRENT_PERSPECTIVE,0,0,"0",0,NO_ROUNDING,,1,,,,,,,,,,,,,,,,,,,,,,,TS119,Spare CP 01 (Units),1,4
120,Scenario A-Production Plan (Units),Scenario A-Production Plan (Units),SERVER_CALCULATED,DMSWCNTXT,FORECASTDETAIL,UNITS,,,PRODUCT~~CUSTOMER~~DC~~SOURCE,,,,0,0,1,ANY,ANY,STANDARD_SUM,CURRENT_PERSPECTIVE,0,0,"0",0,NO_ROUNDING,,1,,,,,,,,,,,,,,,,,,,,,,,TS120,Scenario A-Production Plan (Units),1,4
121,Spare CP 17 (Units),Spare CP 17 (Units),SERVER_CALCULATED,DMSWCNTXT,FORECASTDETAIL,UNITS,,,PRODUCT~~CUSTOMER~~DC~~SOURCE,,,,0,0,1,ANY,ANY,STANDARD_SUM,CURRENT_PERSPECTIVE,0,0,"0",0,NO_ROUNDING,,1,,,,,,,,,,,,,,,,,,,,,,,TS121,Spare CP 17 (Units),1,4
122,Spare CP 25 (Units),Spare CP 25 (Units),SERVER_CALCULATED,DMSWCNTXT,FORECASTDETAIL,UNITS,,,PRODUCT~~CUSTOMER~~DC~~SOURCE,,,,0,0,1,ANY,ANY,STANDARD_SUM,CURRENT_PERSPECTIVE,0,0,"0",0,NO_ROUNDING,,1,,,,,,,,,,,,,,,,,,,,,,,TS122,Spare CP 25 (Units),1,4
123,Spare CD 13 (Units),Spare CD 13 (Units),SERVER_CALCULATED,DMSWCNTXT,FORECASTDETAIL,UNITS,,,PRODUCT~~CUSTOMER~~DC~~SOURCE,,,,0,0,1,ANY,ANY,COPY_DOWN,CURRENT_PERSPECTIVE,0,0,"0",0,NO_ROUNDING,,1,,,,,,,,,,,,,,,,,,,,,,,TS123,Spare CD 13 (Units),1,4
124,Spare CD 5 (Units),Spare CD 5 (Units),SERVER_CALCULATED,DMSWCNTXT,FORECASTDETAIL,UNITS,,,PRODUCT~~CUSTOMER~~DC~~SOURCE,,,,0,0,1,ANY,ANY,COPY_DOWN,CURRENT_PERSPECTIVE,0,0,"0",0,NO_ROUNDING,,1,,,,,,,,,,,,,,,,,,,,,,,TS124,Spare CD 5 (Units),1,4
125,Spare CP 07 (Rev),Spare CP 07 (Rev),SERVER_CALCULATED,DMSWCNTXT,FORECASTDETAIL,REVENUE,,,PRODUCT~~CUSTOMER~~DC~~SOURCE,,,,0,0,1,ANY,ANY,STANDARD_SUM,CURRENT_PERSPECTIVE,0,0,"0",0,NO_ROUNDING,,1,,,,,,,,,,,,,,,,,,,,,,,TS125,Spare CP 07 (Rev),1,4
126,NPI Fcst (Units),NPI Fcst (Units),SERVER_CALCULATED,DMSWCNTXT,FORECASTDETAIL,UNITS,,,PRODUCT~~CUSTOMER~~DC~~SOURCE,,,,0,0,1,ANY,ANY,STANDARD_SUM,CURRENT_PERSPECTIVE,0,0,"0",0,NO_ROUNDING,,1,,,,,,,,,,,,,,,,,,,,,,,TS126,NPI Fcst (Units),1,4
127,Supplier Forecast (Units),Supplier Forecast (Units),SERVER_CALCULATED,DMSWCNTXT,FORECASTDETAIL,UNITS,,,PRODUCT~~CUSTOMER~~DC~~SOURCE,,,,0,0,0,ANY,NONE,STANDARD_SUM,CURRENT_PERSPECTIVE,0,0,"0",0,NO_ROUNDING,,1,,,,,,,,,,,,,,,,,,,,,,,TS127,Supplier Forecast (Units),1,4
128,Sales Manager Fcst (Units),Sales Manager Fcst (Units),SERVER_CALCULATED,DMSWCNTXT,FORECASTDETAIL,UNITS,,,PRODUCT~~CUSTOMER~~DC~~SOURCE,,,,0,0,1,ANY,ANY,STANDARD_SUM,CURRENT_PERSPECTIVE,0,0,"0",0,NO_ROUNDING,,1,,,,,,,,,,,,,,,,,,,,,,,TS128,Sales Manager Fcst (Units),1,4
129,Account Manager Fcst (Rev),Account Manager Fcst (Rev),SERVER_CALCULATED,DMSWCNTXT,FORECASTDETAIL,REVENUE,,,PRODUCT~~CUSTOMER~~DC~~SOURCE,,,,0,0,1,ANY,ANY,STANDARD_SUM,CURRENT_PERSPECTIVE,0,0,"0",0,NO_ROUNDING,,1,,,,,,,,,,,,,,,,,,,,,,,TS129,Account Manager Fcst (Rev),1,4
130,PY Sales Manager Fcst (Rev),PY Sales Manager Fcst (Rev),SERVER_CALCULATED,DMSWCNTXT,FORECASTDETAIL,REVENUE,,,PRODUCT~~CUSTOMER~~DC~~SOURCE,,,,0,0,0,ANY,NONE,STANDARD_SUM,CURRENT_PERSPECTIVE,0,0,"0",0,NO_ROUNDING,,1,,,,,,,,,,,,,,,,,,,,,,,TS130,PY Sales Manager Fcst (Rev),1,4
131,Stat Fcst Attach Rate,Stat Fcst Attach Rate,SERVER_CALCULATED,ATTACHRATE,FORECASTDETAIL,UNITS,,,PRODUCT~~CUSTOMER~~DC~~SOURCE,,,,1,0,0,ANY,NONE,STANDARD_SUM,CURRENT_PERSPECTIVE,0,0,"0",0,NO_ROUNDING,,1,,,,,,,,,,,,,,,,,,,,,,,TS131,Stat Fcst Attach Rate,1,4
132,Replenishment Plan (Units),Replenishment Plan (Units),SERVER_CALCULATED,DMSWCNTXT,FORECASTDETAIL,UNITS,,,PRODUCT~~CUSTOMER~~DC~~SOURCE,,,,0,0,1,ANY,ANY,STANDARD_SUM,CURRENT_PERSPECTIVE,0,0,"0",0,NO_ROUNDING,,1,,,,,,,,,,,,,,,,,,,,,,,TS132,Replenishment Plan (Units),1,4
133,Spare CP 04 (Units),Spare CP 04 (Units),SERVER_CALCULATED,DMSWCNTXT,FORECASTDETAIL,UNITS,,,PRODUCT~~CUSTOMER~~DC~~SOURCE,,,,0,0,1,ANY,ANY,STANDARD_SUM,CURRENT_PERSPECTIVE,0,0,"0",0,NO_ROUNDING,,1,,,,,,,,,,,,,,,,,,,,,,,TS133,Spare CP 04 (Units),1,4
134,Spare CP 12 (Units),Spare CP 12 (Units),SERVER_CALCULATED,DMSWCNTXT,FORECASTDETAIL,UNITS,,,PRODUCT~~CUSTOMER~~DC~~SOURCE,,,,0,0,1,ANY,ANY,STANDARD_SUM,CURRENT_PERSPECTIVE,0,0,"0",0,NO_ROUNDING,,1,,,,,,,,,,,,,,,,,,,,,,,TS134,Spare CP 12 (Units),1,4
135,Freight Cost (Cost/Unit),Freight Cost (Cost/Unit),SERVER_CALCULATED,DMSWCNTXT,FORECASTDETAIL,COST,,,PRODUCT~~CUSTOMER~~DC~~SOURCE,,,,0,0,1,ANY,NONE,STANDARD_SUM,CURRENT_PERSPECTIVE,0,0,"0",0,NO_ROUNDING,,1,,,,,,,,,,,,,,,,,,,,,,,TS135,Freight Cost (Cost/Unit),1,4
136,Constrained Plan (Units),Constrained Plan (Units),SERVER_CALCULATED,DMSWCNTXT,FORECASTDETAIL,UNITS,,,PRODUCT~~CUSTOMER~~DC~~SOURCE,,,,0,0,1,ANY,ANY,STANDARD_SUM,CURRENT_PERSPECTIVE,0,0,"0",0,NO_ROUNDING,,1,,,,,,,,,,,,,,,,,,,,,,,TS136,Constrained Plan (Units),1,4
137,Consensus Demand Plan (Rev),Consensus Demand Plan (Rev),SERVER_CALCULATED,DMSWCNTXT,FORECASTDETAIL,REVENUE,,,PRODUCT~~CUSTOMER~~DC~~SOURCE,,,,0,0,0,ANY,NONE,STANDARD_SUM,CURRENT_PERSPECTIVE,0,0,"0",0,NO_ROUNDING,,1,,,,,,,,,,,,,,,,,,,,,,,TS137,Consensus Demand Plan (Rev),1,4
138,Constrained Plan Margin (Pct),Constrained Plan Margin (Pct),SERVER_CALCULATED,DMSWCNTXT,FORECASTDETAIL,MARGIN,,,PRODUCT~~CUSTOMER~~DC~~SOURCE,,,,0,0,0,ANY,NONE,STANDARD_SUM,CURRENT_PERSPECTIVE,0,0,"0",0,NO_ROUNDING,,1,,,,,,,,,,,,,,,,,,,,,,,TS138,Constrained Plan Margin (Pct),1,4
139,COGS (Cost),COGS (Cost),SERVER_CALCULATED,DMSWCNTXT,FORECASTDETAIL,COST,,,PRODUCT~~CUSTOMER~~DC~~SOURCE,,,,0,0,0,ANY,NONE,STANDARD_SUM,CURRENT_PERSPECTIVE,0,0,"0",0,NO_ROUNDING,,1,,,,,,,,,,,,,,,,,,,,,,,TS139,COGS (Cost),1,4
140,G&A (Cost),G&A (Cost),SERVER_CALCULATED,DMSWCNTXT,FORECASTDETAIL,COST,,,PRODUCT~~CUSTOMER~~DC~~SOURCE,,,,0,0,0,ANY,NONE,STANDARD_SUM,CURRENT_PERSPECTIVE,0,0,"0",0,NO_ROUNDING,,1,,,,,,,,,,,,,,,,,,,,,,,TS140,G&A (Cost),1,4
141,Consensus Demand Profit (Rev),Consensus Demand Profit (Rev),SERVER_CALCULATED,DMSWCNTXT,FORECASTDETAIL,REVENUE,,,PRODUCT~~CUSTOMER~~DC~~SOURCE,,,,0,0,0,ANY,NONE,STANDARD_SUM,CURRENT_PERSPECTIVE,0,0,"0",0,NO_ROUNDING,,1,,,,,,,,,,,,,,,,,,,,,,,TS141,Consensus Demand Profit (Rev),1,4
142,Scenario B-Constrained Plan (Units),Scenario B-Constrained Plan (Units),SERVER_CALCULATED,DMSWCNTXT,FORECASTDETAIL,UNITS,,,PRODUCT~~CUSTOMER~~DC~~SOURCE,,,,0,0,1,ANY,ANY,STANDARD_SUM,CURRENT_PERSPECTIVE,0,0,"0",0,NO_ROUNDING,,1,,,,,,,,,,,,,,,,,,,,,,,TS142,Scenario B-Constrained Plan (Units),1,4
143,Scenario B-Target Inventory (Units),Scenario B-Target Inventory (Units),SERVER_CALCULATED,DMSWCNTXT,FORECASTDETAIL,UNITS,,,PRODUCT~~CUSTOMER~~DC~~SOURCE,,,,0,0,0,ANY,NONE,STANDARD_SUM,CURRENT_PERSPECTIVE,0,0,"0",0,NO_ROUNDING,,1,,,,,,,,,,,,,,,,,,,,,,,TS143,Scenario B-Target Inventory (Units),1,4
144,Scenario A-Capacity Limit (Hrs),Scenario A-Capacity Limit (Hrs),SERVER_CALCULATED,DMSWCNTXT,FORECASTDETAIL,UNITS,,,PRODUCT~~ALL~~ALL~~SOURCE,,,,0,0,1,ANY,ANY,COPY_DOWN,CURRENT_PERSPECTIVE,0,0,"0",0,NO_ROUNDING,,4810,,,,,,,,,,,,,,,,,,,,,,,TS144,Scenario A-Capacity Limit (Hrs),1,4
145,Scenario B-Production Plan (Units),Scenario B-Production Plan (Units),SERVER_CALCULATED,DMSWCNTXT,FORECASTDETAIL,UNITS,,,PRODUCT~~CUSTOMER~~DC~~SOURCE,,,,0,0,1,ANY,ANY,STANDARD_SUM,CURRENT_PERSPECTIVE,0,0,"0",0,NO_ROUNDING,,1,,,,,,,,,,,,,,,,,,,,,,,TS145,Scenario B-Production Plan (Units),1,4
146,Spare CP 18 (Units),Spare CP 18 (Units),SERVER_CALCULATED,DMSWCNTXT,FORECASTDETAIL,UNITS,,,PRODUCT~~CUSTOMER~~DC~~SOURCE,,,,0,0,1,ANY,ANY,STANDARD_SUM,CURRENT_PERSPECTIVE,0,0,"0",0,NO_ROUNDING,,1,,,,,,,,,,,,,,,,,,,,,,,TS146,Spare CP 18 (Units),1,4
147,Allocation,Allocation,SERVER_CALCULATED,DMSWCNTXT,FORECASTDETAIL,UNITS,,,PRODUCT~~CUSTOMER~~DC~~SOURCE,,,,0,0,1,(>=PRODUCT)~~(>=CUSTOMER)~~ALL~~ALL,NONE,COPY_DOWN,CURRENT_PERSPECTIVE,0,0,"0",0,NO_ROUNDING,,1,,,,,,,,,,,,,,,,,,,,,,,TS147,Allocation,1,4
148,Spare CD 12 (Units),Spare CD 12 (Units),SERVER_CALCULATED,DMSWCNTXT,FORECASTDETAIL,UNITS,,,PRODUCT~~CUSTOMER~~DC~~SOURCE,,,,0,0,1,ANY,ANY,COPY_DOWN,CURRENT_PERSPECTIVE,0,0,"0",0,NO_ROUNDING,,1,,,,,,,,,,,,,,,,,,,,,,,TS148,Spare CD 12 (Units),1,4
149,Spare CP 0 (Rev),Spare CP 0 (Rev),SERVER_CALCULATED,DMSWCNTXT,FORECASTDETAIL,REVENUE,,,PRODUCT~~CUSTOMER~~DC~~SOURCE,,,,0,0,1,ANY,ANY,STANDARD_SUM,CURRENT_PERSPECTIVE,0,0,"0",0,NO_ROUNDING,,1,,,,,,,,,,,,,,,,,,,,,,,TS149,Spare CP 0 (Rev),1,4
150,Spare CP 08 (Rev),Spare CP 08 (Rev),SERVER_CALCULATED,DMSWCNTXT,FORECASTDETAIL,REVENUE,,,PRODUCT~~CUSTOMER~~DC~~SOURCE,,,,0,0,1,ANY,ANY,STANDARD_SUM,CURRENT_PERSPECTIVE,0,0,"0",0,NO_ROUNDING,,1,,,,,,,,,,,,,,,,,,,,,,,TS150,Spare CP 08 (Rev),1,4
151,Promotion Plan (Units),Promotion Plan (Units),SERVER_CALCULATED,DMSWCNTXT,FORECASTDETAIL,UNITS,,,PRODUCT~~CUSTOMER~~DC~~SOURCE,,,,0,0,1,ANY,ANY,STANDARD_SUM,CURRENT_PERSPECTIVE,0,0,"0",0,NO_ROUNDING,,1,,,,,,,,,,,,,,,,,,,,,,,TS151,Promotion Plan (Units),1,4
152,Supplier Forecast (Rev),Supplier Forecast (Rev),SERVER_CALCULATED,DMSWCNTXT,FORECASTDETAIL,REVENUE,,,PRODUCT~~CUSTOMER~~DC~~SOURCE,,,,0,0,0,ANY,NONE,STANDARD_SUM,CURRENT_PERSPECTIVE,0,0,"0",0,NO_ROUNDING,,1,,,,,,,,,,,,,,,,,,,,,,,TS152,Supplier Forecast (Rev),1,4
153,Account Manager Fcst (Units),Account Manager Fcst (Units),SERVER_CALCULATED,DMSWCNTXT,FORECASTDETAIL,UNITS,,,PRODUCT~~CUSTOMER~~DC~~SOURCE,,,,0,0,1,ANY,ANY,STANDARD_SUM,CURRENT_PERSPECTIVE,0,0,"0",0,NO_ROUNDING,,1,,,,,,,,,,,,,,,,,,,,,,,TS153,Account Manager Fcst (Units),1,4
154,Sales Manager Fcst (Rev),Sales Manager Fcst (Rev),SERVER_CALCULATED,DMSWCNTXT,FORECASTDETAIL,REVENUE,,,PRODUCT~~CUSTOMER~~DC~~SOURCE,,,,0,0,0,ANY,NONE,STANDARD_SUM,CURRENT_PERSPECTIVE,0,0,"0",0,NO_ROUNDING,,1,,,,,,,,,,,,,,,,,,,,,,,TS154,Sales Manager Fcst (Rev),1,4
155,ASP (Rev/Unit),ASP (Rev/Unit),SERVER_CALCULATED,DMSWCNTXT,FORECASTDETAIL,REVENUE,,,PRODUCT~~CUSTOMER~~ALL~~ALL,,,,0,0,1,(>=PRODUCT)~~(>=CUSTOMER)~~ALL~~ALL,(>=PRODUCT)~~(>=CUSTOMER)~~ALL~~ALL,"WEIGHTED_AVG(Consensus Demand Plan (Rev),Consensus Demand Plan (Units))",CURRENT_PERSPECTIVE,0,0,"0",0,NO_ROUNDING,,5501,,,,,,,,,,,,,,,,,,,,,,,TS155,ASP (Rev/Unit),1,4
156,Attach Rate Override,Attach Rate Override,SERVER_CALCULATED,ATTACHRATE,FORECASTDETAIL,UNITS,,,PRODUCT~~CUSTOMER~~DC~~SOURCE,,,,0,0,1,ANY,ANY,STANDARD_SUM,CURRENT_PERSPECTIVE,0,0,"0",0,NO_ROUNDING,,1,,,,,,,,,,,,,,,,,,,,,,,TS156,Attach Rate Override,1,4
157,High Fcst (Units),High Fcst (Units),SERVER_CALCULATED,DMSWCNTXT,FORECASTDETAIL,UNITS,,,PRODUCT~~CUSTOMER~~DC~~SOURCE,,,,0,0,1,ANY,ANY,STANDARD_SUM,CURRENT_PERSPECTIVE,0,0,"0",0,NO_ROUNDING,,1,,,,,,,,,,,,,,,,,,,,,,,TS157,High Fcst (Units),1,4
158,Spare CP 05 (Units),Spare CP 05 (Units),SERVER_CALCULATED,DMSWCNTXT,FORECASTDETAIL,UNITS,,,PRODUCT~~CUSTOMER~~DC~~SOURCE,,,,0,0,1,ANY,ANY,STANDARD_SUM,CURRENT_PERSPECTIVE,0,0,"0",0,NO_ROUNDING,,1,,,,,,,,,,,,,,,,,,,,,,,TS158,Spare CP 05 (Units),1,4
159,Spare CP 13 (Units),Spare CP 13 (Units),SERVER_CALCULATED,DMSWCNTXT,FORECASTDETAIL,UNITS,,,PRODUCT~~CUSTOMER~~DC~~SOURCE,,,,0,0,1,ANY,ANY,STANDARD_SUM,CURRENT_PERSPECTIVE,0,0,"0",0,NO_ROUNDING,,1,,,,,,,,,,,,,,,,,,,,,,,TS159,Spare CP 13 (Units),1,4
160,Source Requirements (Rev),Source Requirements (Rev),SERVER_CALCULATED,DMSWCNTXT,FORECASTDETAIL,REVENUE,,,PRODUCT~~CUSTOMER~~DC~~SOURCE,,,,0,0,0,ANY,NONE,STANDARD_SUM,CURRENT_PERSPECTIVE,0,0,"0",0,NO_ROUNDING,,1,,,,,,,,,,,,,,,,,,,,,,,TS160,Source Requirements (Rev),1,4
161,Procurement Plan (Units),Procurement Plan (Units),SERVER_CALCULATED,DMSWCNTXT,FORECASTDETAIL,UNITS,,,PRODUCT~~ALL~~ALL~~SOURCE,,,,0,0,1,ANY,(>=PRODUCT)~~ALL~~ALL~~(>=SOURCE),STANDARD_SUM,CURRENT_PERSPECTIVE,0,0,"0",0,NO_ROUNDING,,4810,,,,,,,,,,,,,,,,,,,,,,,TS161,Procurement Plan (Units),1,4
162,Consensus Gross Margin (Pct),Consensus Gross Margin (Pct),SERVER_CALCULATED,DMSWCNTXT,FORECASTDETAIL,MARGIN,,,PRODUCT~~CUSTOMER~~DC~~SOURCE,,,,0,0,0,ANY,NONE,STANDARD_SUM,CURRENT_PERSPECTIVE,0,0,"0",0,NO_ROUNDING,,1,,,,,,,,,,,,,,,,,,,,,,,TS162,Consensus Gross Margin (Pct),1,4
163,Supplier Commit Delta (Units),Supplier Commit Delta (Units),SERVER_CALCULATED,DMSWCNTXT,FORECASTDETAIL,UNITS,,,PRODUCT~~ALL~~ALL~~SOURCE,,,,0,0,0,(>=PRODUCT)~~ALL~~ALL~~(>=SOURCE),NONE,STANDARD_SUM,CURRENT_PERSPECTIVE,0,0,"0",0,NO_ROUNDING,,4810,,,,,,,,,,,,,,,,,,,,,,,TS163,Supplier Commit Delta (Units),1,4
164,Labor (Cost),Labor (Cost),SERVER_CALCULATED,DMSWCNTXT,FORECASTDETAIL,COST,,,PRODUCT~~CUSTOMER~~DC~~SOURCE,,,,0,0,0,ANY,NONE,STANDARD_SUM,CURRENT_PERSPECTIVE,0,0,"0",0,NO_ROUNDING,,1,,,,,,,,,,,,,,,,,,,,,,,TS164,Labor (Cost),1,4
165,Sales & Marketing (Cost),Sales & Marketing (Cost),SERVER_CALCULATED,DMSWCNTXT,FORECASTDETAIL,COST,,,PRODUCT~~CUSTOMER~~DC~~SOURCE,,,,0,0,0,ANY,NONE,STANDARD_SUM,CURRENT_PERSPECTIVE,0,0,"0",0,NO_ROUNDING,,1,,,,,,,,,,,,,,,,,,,,,,,TS165,Sales & Marketing (Cost),1,4
166,In-Transit Inventory (Cost),In-Transit Inventory (Cost),SERVER_CALCULATED,DMSWCNTXT,FORECASTDETAIL,COST,,,PRODUCT~~ALL~~DC~~SOURCE,,,,0,0,0,ANY,NONE,STANDARD_SUM,CURRENT_PERSPECTIVE,0,0,"0",0,NO_ROUNDING,,10,,,,,,,,,,,,,,,,,,,,,,,TS166,In-Transit Inventory (Cost),1,4
167,Scenario A-ASP (Rev/Unit),Scenario A-ASP (Rev/Unit),SERVER_CALCULATED,DMSWCNTXT,FORECASTDETAIL,REVENUE,,,PRODUCT~~CUSTOMER~~ALL~~ALL,,,,0,0,1,(>=PRODUCT)~~(>=CUSTOMER)~~all~~all,(>=PRODUCT)~~(>=CUSTOMER)~~all~~all,"WEIGHTED_AVG(Scenario A-Consensus Demand Plan (Rev),Scenario A-Consensus Demand Plan (Units))",CURRENT_PERSPECTIVE,0,0,"0",0,NO_ROUNDING,,5501,,,,,,,,,,,,,,,,,,,,,,,TS167,Scenario A-ASP (Rev/Unit),1,4
168,Scenario B-Projected Inventory (Cost),Scenario B-Projected Inventory (Cost),SERVER_CALCULATED,DMSWCNTXT,FORECASTDETAIL,COST,,,PRODUCT~~ALL~~DC~~SOURCE,,,,0,0,0,(>=PRODUCT)~~all~~all~~(>=SOURCE),NONE,COPY_DOWN,CURRENT_PERSPECTIVE,0,0,"0",0,NO_ROUNDING,,10,,,,,,,,,,,,,,,,,,,,,,,TS168,Scenario B-Projected Inventory (Cost),1,4
169,Scenario B-Capacity Limit (Hrs),Scenario B-Capacity Limit (Hrs),SERVER_CALCULATED,DMSWCNTXT,FORECASTDETAIL,UNITS,,,PRODUCT~~ALL~~ALL~~SOURCE,,,,0,0,1,ANY,ANY,COPY_DOWN,CURRENT_PERSPECTIVE,0,0,"0",0,NO_ROUNDING,,4810,,,,,,,,,,,,,,,,,,,,,,,TS169,Scenario B-Capacity Limit (Hrs),1,4
170,BLSF Run1,BLSF Run1,SERVER_CALCULATED,DMSWCNTXT,FORECASTDETAIL,UNITS,,,PRODUCT~~CUSTOMER~~DC~~SOURCE,,,,0,0,1,ANY,NONE,STANDARD_SUM,CURRENT_PERSPECTIVE,0,0,"0",0,NO_ROUNDING,,1,,,,,,,,,,,,,,,,,,,,,,,TS170,BLSF Run1,1,4
171,Spare CP 19 (Units),Spare CP 19 (Units),SERVER_CALCULATED,DMSWCNTXT,FORECASTDETAIL,UNITS,,,PRODUCT~~CUSTOMER~~DC~~SOURCE,,,,0,0,1,ANY,ANY,STANDARD_SUM,CURRENT_PERSPECTIVE,0,0,"0",0,NO_ROUNDING,,1,,,,,,,,,,,,,,,,,,,,,,,TS171,Spare CP 19 (Units),1,4
172,Promotion Code,Promotion Code,SERVER_CALCULATED,DMSWCNTXT,FORECASTDETAIL,UNITS,,,PRODUCT~~CUSTOMER~~DC~~SOURCE,,,,0,0,1,ANY,ANY,COPY_DOWN,CURRENT_PERSPECTIVE,0,0,"0",0,NO_ROUNDING,,1,,,,,,,,,,,,,,,,,,,,,,,TS172,Promotion Code,1,4
173,Spare CD 11 (Units),Spare CD 11 (Units),SERVER_CALCULATED,DMSWCNTXT,FORECASTDETAIL,UNITS,,,PRODUCT~~CUSTOMER~~DC~~SOURCE,,,,0,0,1,ANY,ANY,COPY_DOWN,CURRENT_PERSPECTIVE,0,0,"0",0,NO_ROUNDING,,1,,,,,,,,,,,,,,,,,,,,,,,TS173,Spare CD 11 (Units),1,4
174,Spare CP 01 (Rev),Spare CP 01 (Rev),SERVER_CALCULATED,DMSWCNTXT,FORECASTDETAIL,REVENUE,,,PRODUCT~~CUSTOMER~~DC~~SOURCE,,,,0,0,1,ANY,ANY,STANDARD_SUM,CURRENT_PERSPECTIVE,0,0,"0",0,NO_ROUNDING,,1,,,,,,,,,,,,,,,,,,,,,,,TS174,Spare CP 01 (Rev),1,4
175,Spare CP 09 (Rev),Spare CP 09 (Rev),SERVER_CALCULATED,DMSWCNTXT,FORECASTDETAIL,REVENUE,,,PRODUCT~~CUSTOMER~~DC~~SOURCE,,,,0,0,1,ANY,ANY,STANDARD_SUM,CURRENT_PERSPECTIVE,0,0,"0",0,NO_ROUNDING,,1,,,,,,,,,,,,,,,,,,,,,,,TS175,Spare CP 09 (Rev),1,4
176,Marketing Fcst (Rev),Marketing Fcst (Rev),SERVER_CALCULATED,DMSWCNTXT,FORECASTDETAIL,REVENUE,,,PRODUCT~~CUSTOMER~~DC~~SOURCE,,,,0,0,0,ANY,NONE,STANDARD_SUM,CURRENT_PERSPECTIVE,0,0,"0",0,NO_ROUNDING,,1,,,,,,,,,,,,,,,,,,,,,,,TS176,Marketing Fcst (Rev),1,4
177,Re-Order Point (Units),Re-Order Point (Units),SERVER_CALCULATED,DMSWCNTXT,FORECASTDETAIL,UNITS,,,PRODUCT~~ALL~~DC~~ALL,,,,0,0,1,ANY,ANY,STANDARD_SUM,CURRENT_PERSPECTIVE,0,0,"0",0,NO_ROUNDING,,710,,,,,,,,,,,,,,,,,,,,,,,TS177,Re-Order Point (Units),1,4
178,Seasonality (Units),Seasonality (Units),SERVER_CALCULATED,ATTACHRATE,FORECASTDETAIL,UNITS,,,PRODUCT~~CUSTOMER~~DC~~SOURCE,,,,0,0,0,ANY,NONE,STANDARD_SUM,CURRENT_PERSPECTIVE,0,0,"0",0,NO_ROUNDING,,1,,,,,,,,,,,,,,,,,,,,,,,TS178,Seasonality (Units),1,4
179,Capacity Limit (Hrs),Capacity Limit (Hrs),SERVER_CALCULATED,DMSWCNTXT,FORECASTDETAIL,UNITS,,,PRODUCT~~ALL~~ALL~~SOURCE,,,,0,0,1,ANY,ANY,COPY_DOWN,CURRENT_PERSPECTIVE,0,0,"0",0,NO_ROUNDING,,4810,,,,,,,,,,,,,,,,,,,,,,,TS179,Capacity Limit (Hrs),1,4
180,Overhead Cost (Cost/Unit),Overhead Cost (Cost/Unit),SERVER_CALCULATED,DMSWCNTXT,FORECASTDETAIL,COST,,,PRODUCT~~ALL~~ALL~~SOURCE,,,,0,0,1,(>=PRODUCT)~~ALL~~ALL~~(>=SOURCE),(>=PRODUCT)~~ALL~~ALL~~(>=SOURCE),COPY_DOWN,CURRENT_PERSPECTIVE,0,0,"0",0,NO_ROUNDING,,4810,,,,,,,,,,,,,,,,,,,,,,,TS180,Overhead Cost (Cost/Unit),1,4
181,Projected Inventory (Cost),Projected Inventory (Cost),SERVER_CALCULATED,DMSWCNTXT,FORECASTDETAIL,COST,,,PRODUCT~~ALL~~DC~~SOURCE,,,,0,0,0,ANY,NONE,COPY_DOWN,CURRENT_PERSPECTIVE,0,0,"0",0,NO_ROUNDING,,10,,,,,,,,,,,,,,,,,,,,,,,TS181,Projected Inventory (Cost),1,4
182,Spare CP 0 (Units),Spare CP 0 (Units),SERVER_CALCULATED,DMSWCNTXT,FORECASTDETAIL,UNITS,,,PRODUCT~~CUSTOMER~~DC~~SOURCE,,,,0,0,1,ANY,ANY,STANDARD_SUM,CURRENT_PERSPECTIVE,0,0,"0",0,NO_ROUNDING,,1,,,,,,,,,,,,,,,,,,,,,,,TS182,Spare CP 0 (Units),1,4
183,Spare CP 09 (Units),Spare CP 09 (Units),SERVER_CALCULATED,DMSWCNTXT,FORECASTDETAIL,UNITS,,,PRODUCT~~CUSTOMER~~DC~~SOURCE,,,,0,0,1,ANY,ANY,STANDARD_SUM,CURRENT_PERSPECTIVE,0,0,"0",0,NO_ROUNDING,,1,,,,,,,,,,,,,,,,,,,,,,,TS183,Spare CP 09 (Units),1,4
184,Spare CD 2 (Units),Spare CD 2 (Units),SERVER_CALCULATED,DMSWCNTXT,FORECASTDETAIL,UNITS,,,PRODUCT~~CUSTOMER~~DC~~SOURCE,,,,0,0,1,ANY,ANY,COPY_DOWN,CURRENT_PERSPECTIVE,0,0,"0",0,NO_ROUNDING,,1,,,,,,,,,,,,,,,,,,,,,,,TS184,Spare CD 2 (Units),1,4
185,Dep Consensus Plan (Units),Dep Consensus Plan (Units),SERVER_CALCULATED,ATTACHRATE,FORECASTDETAIL,UNITS,,,PRODUCT~~CUSTOMER~~DC~~SOURCE,,,,0,0,0,ANY,NONE,STANDARD_SUM,CURRENT_PERSPECTIVE,0,0,"0",0,NO_ROUNDING,,1,,,,,,,,,,,,,,,,,,,,,,,TS185,Dep Consensus Plan (Units),1,4
186,Purchase Requirement (Units),Purchase Requirement (Units),SERVER_CALCULATED,DMSWCNTXT,FORECASTDETAIL,UNITS,,,PRODUCT~~ALL~~ALL~~SOURCE,,,,0,0,0,(>=PRODUCT)~~ALL~~ALL~~(>=SOURCE),NONE,STANDARD_SUM,CURRENT_PERSPECTIVE,0,0,"0",0,NO_ROUNDING,,4810,,,,,,,,,,,,,,,,,,,,,,,TS186,Purchase Requirement (Units),1,4
187,Projected Inventory (DOH),Projected Inventory (DOH),SERVER_CALCULATED,DMSWCNTXT,FORECASTDETAIL,UNITS,,,PRODUCT~~ALL~~DC~~SOURCE,,,,0,0,0,ANY,NONE,STANDARD_SUM,CURRENT_PERSPECTIVE,0,0,"0",0,NO_ROUNDING,,10,,,,,,,,,,,,,,,,,,,,,,,TS187,Projected Inventory (DOH),1,4
188,Allocation Delta (Units),Allocation Delta (Units),SERVER_CALCULATED,DMSWCNTXT,FORECASTDETAIL,UNITS,,,PRODUCT~~CUSTOMER~~DC~~SOURCE,,,,0,0,0,ANY,NONE,STANDARD_SUM,CURRENT_PERSPECTIVE,0,0,"0",0,NO_ROUNDING,,1,,,,,,,,,,,,,,,,,,,,,,,TS188,Allocation Delta (Units),1,4
189,Gross Profit (Rev),Gross Profit (Rev),SERVER_CALCULATED,DMSWCNTXT,FORECASTDETAIL,REVENUE,,,PRODUCT~~CUSTOMER~~DC~~SOURCE,,,,0,0,0,ANY,NONE,STANDARD_SUM,CURRENT_PERSPECTIVE,0,0,"0",0,NO_ROUNDING,,1,,,,,,,,,,,,,,,,,,,,,,,TS189,Gross Profit (Rev),1,4
190,Engine Priority (Units),Engine Priority (Units),SERVER_CALCULATED,DMSWCNTXT,FORECASTDETAIL,UNITS,,,PRODUCT~~CUSTOMER~~DC~~SOURCE,,,,0,0,0,ANY,NONE,STANDARD_SUM,CURRENT_PERSPECTIVE,0,0,"0",0,NO_ROUNDING,,1,,,,,,,,,,,,,,,,,,,,,,,TS190,Engine Priority (Units),1,4
191,Scenario B-Consensus Demand Plan (Units),Scenario B-Consensus Demand Plan (Units),SERVER_CALCULATED,DMSWCNTXT,FORECASTDETAIL,UNITS,,,PRODUCT~~CUSTOMER~~DC~~SOURCE,,,,0,0,1,ANY,ANY,STANDARD_SUM,CURRENT_PERSPECTIVE,0,0,"0",0,NO_ROUNDING,,1,,,,,,,,,,,,,,,,,,,,,,,TS191,Scenario B-Consensus Demand Plan (Units),1,4
192,Scenario A-Standard Cost (Cost/Unit),Scenario A-Standard Cost (Cost/Unit),SERVER_CALCULATED,DMSWCNTXT,FORECASTDETAIL,COST,,,PRODUCT~~ALL~~ALL~~SOURCE,,,,0,0,1,(>=PRODUCT)~~all~~all~~(>=SOURCE),(>=PRODUCT)~~all~~all~~(>=SOURCE),COPY_DOWN,CURRENT_PERSPECTIVE,0,0,"0",0,NO_ROUNDING,,4810,,,,,,,,,,,,,,,,,,,,,,,TS192,Scenario A-Standard Cost (Cost/Unit),1,4
193,Scenario B-Consensus Gross Margin (Pct),Scenario B-Consensus Gross Margin (Pct),SERVER_CALCULATED,DMSWCNTXT,FORECASTDETAIL,MARGIN,,,PRODUCT~~CUSTOMER~~DC~~SOURCE,,,,0,0,0,ANY,NONE,STANDARD_SUM,CURRENT_PERSPECTIVE,0,0,"0",0,NO_ROUNDING,,1,,,,,,,,,,,,,,,,,,,,,,,TS193,Scenario B-Consensus Gross Margin (Pct),1,4
194,Scenario A-Production Plan (Hrs),Scenario A-Production Plan (Hrs),SERVER_CALCULATED,DMSWCNTXT,FORECASTDETAIL,UNITS,,,PRODUCT~~ALL~~ALL~~SOURCE,,,,0,0,1,ANY,ANY,STANDARD_SUM,CURRENT_PERSPECTIVE,0,0,"0",0,NO_ROUNDING,,4810,,,,,,,,,,,,,,,,,,,,,,,TS194,Scenario A-Production Plan (Hrs),1,4
195,Spare CP 15 (Units),Spare CP 15 (Units),SERVER_CALCULATED,DMSWCNTXT,FORECASTDETAIL,UNITS,,,PRODUCT~~CUSTOMER~~DC~~SOURCE,,,,0,0,1,ANY,ANY,STANDARD_SUM,CURRENT_PERSPECTIVE,0,0,"0",0,NO_ROUNDING,,1,,,,,,,,,,,,,,,,,,,,,,,TS195,Spare CP 15 (Units),1,4
196,Spare CP 23 (Units),Spare CP 23 (Units),SERVER_CALCULATED,DMSWCNTXT,FORECASTDETAIL,UNITS,,,PRODUCT~~CUSTOMER~~DC~~SOURCE,,,,0,0,1,ANY,ANY,STANDARD_SUM,CURRENT_PERSPECTIVE,0,0,"0",0,NO_ROUNDING,,1,,,,,,,,,,,,,,,,,,,,,,,TS196,Spare CP 23 (Units),1,4
197,Breakeven Uplift,Breakeven Uplift,SERVER_CALCULATED,DMSWCNTXT,FORECASTDETAIL,REVENUE,,,PRODUCT~~CUSTOMER~~DC~~SOURCE,,,,0,0,0,ANY,NONE,STANDARD_SUM,CURRENT_PERSPECTIVE,0,0,"0",0,NO_ROUNDING,,1,,,,,,,,,,,,,,,,,,,,,,,TS197,Breakeven Uplift,1,4
198,Spare CD 7 (Units),Spare CD 7 (Units),SERVER_CALCULATED,DMSWCNTXT,FORECASTDETAIL,UNITS,,,PRODUCT~~CUSTOMER~~DC~~SOURCE,,,,0,0,1,ANY,ANY,COPY_DOWN,CURRENT_PERSPECTIVE,0,0,"0",0,NO_ROUNDING,,1,,,,,,,,,,,,,,,,,,,,,,,TS198,Spare CD 7 (Units),1,4
199,Spare CP 05 (Rev),Spare CP 05 (Rev),SERVER_CALCULATED,DMSWCNTXT,FORECASTDETAIL,REVENUE,,,PRODUCT~~CUSTOMER~~DC~~SOURCE,,,,0,0,1,ANY,ANY,STANDARD_SUM,CURRENT_PERSPECTIVE,0,0,"0",0,NO_ROUNDING,,1,,,,,,,,,,,,,,,,,,,,,,,TS199,Spare CP 05 (Rev),1,4
200,Spare CP 13 (Rev),Spare CP 13 (Rev),SERVER_CALCULATED,DMSWCNTXT,FORECASTDETAIL,REVENUE,,,PRODUCT~~CUSTOMER~~DC~~SOURCE,,,,0,0,1,ANY,ANY,STANDARD_SUM,CURRENT_PERSPECTIVE,0,0,"0",0,NO_ROUNDING,,1,,,,,,,,,,,,,,,,,,,,,,,TS200,Spare CP 13 (Rev),1,4
201,Spare CP 16 (Rev),Spare CP 16 (Rev),SERVER_CALCULATED,DMSWCNTXT,FORECASTDETAIL,REVENUE,,,PRODUCT~~CUSTOMER~~DC~~SOURCE,,,,0,0,1,ANY,ANY,STANDARD_SUM,CURRENT_PERSPECTIVE,0,0,"0",0,NO_ROUNDING,,1,,,,,,,,,,,,,,,,,,,,,,,TS201,Spare CP 16 (Rev),1,4
202,Spare CP 24 (Rev),Spare CP 24 (Rev),SERVER_CALCULATED,DMSWCNTXT,FORECASTDETAIL,REVENUE,,,PRODUCT~~CUSTOMER~~DC~~SOURCE,,,,0,0,1,ANY,ANY,STANDARD_SUM,CURRENT_PERSPECTIVE,0,0,"0",0,NO_ROUNDING,,1,,,,,,,,,,,,,,,,,,,,,,,TS202,Spare CP 24 (Rev),1,4
203,Adjustment Out (Units),Adjustment Out (Units),SERVER_CALCULATED,DMSWCNTXT,FORECASTDETAIL,UNITS,,,PRODUCT~~ALL~~DC~~SOURCE,,,,0,0,1,ANY,ANY,STANDARD_SUM,CURRENT_PERSPECTIVE,0,0,"0",0,NO_ROUNDING,,10,,,,,,,,,,,,,,,,,,,,,,,TS203,Adjustment Out (Units),1,4
204,DC7,DC7,SERVER_CALCULATED,DMSWCNTXT,FORECASTDETAIL,UNITS,,,PRODUCT~~ALL~~DC~~SOURCE,,,,0,0,1,ANY,ANY,STANDARD_SUM,CURRENT_PERSPECTIVE,0,0,"0",0,NO_ROUNDING,,10,,,,,,,,,,,,,,,,,,,,,,,TS204,DC7,1,4
205,Max Inventory (Units),Max Inventory (Units),SERVER_CALCULATED,DMSWCNTXT,FORECASTDETAIL,UNITS,,,PRODUCT~~ALL~~DC~~ALL,,,,0,0,1,ANY,NONE,STANDARD_SUM,CURRENT_PERSPECTIVE,0,0,"0",0,NO_ROUNDING,,710,,,,,,,,,,,,,,,,,,,,,,,TS205,Max Inventory (Units),1,4
206,Scenario B-Target Inventory (DOH),Scenario B-Target Inventory (DOH),SERVER_CALCULATED,DMSWCNTXT,FORECASTDETAIL,UNITS,,,PRODUCT~~ALL~~DC~~SOURCE,,,,0,0,1,ANY,ANY,COPY_DOWN,CURRENT_PERSPECTIVE,0,0,"0",0,,,10,,,,,,,,,,,,,,,,,,,,,,,TS206,Scenario B-Target Inventory (DOH),1,4
207,Open Orders (Rev),Open Orders (Rev),LOADED_TRANS,DMOPEN,CATALOGDETAIL,REVENUE,revenue,,PRODUCT~~CUSTOMER~~DC~~SOURCE,,,,0,0,0,ANY,ANY,STANDARD_SUM,CURRENT_PERSPECTIVE,0,0,"0",0,,,1,,,,,,,,,,,,,,,,,,,,,,,TS207,Open Orders (Rev),1,4
208,Total Deliveries (Units),Total Deliveries (Units),LOADED_TRANS,DMTOTDEL,CATALOGDETAIL,UNITS,quantity,,PRODUCT~~CUSTOMER~~DC~~SOURCE,,,,0,0,0,ANY,ANY,STANDARD_SUM,CURRENT_PERSPECTIVE,0,0,"0",0,,,1,,,,,,,,,,,,,,,,,,,,,,,TS208,Total Deliveries (Units),1,4
209,P.O.S. (Rev),P.O.S. (Rev),LOADED,DMPOS102,CATALOGDETAIL,REVENUE,,,PRODUCT~~CUSTOMER~~DC~~SOURCE,,,,0,0,0,ANY,ANY,STANDARD_SUM,CURRENT_PERSPECTIVE,0,0,"0",0,,,1,,,,,,,,,,,,,,,,,,,,,,,TS209,P.O.S. (Rev),1,4
210,Beginning On Hand Inventory (Units),Beginning On Hand Inventory (Units),LOADED,DMBEGINNINGONHANDINVENTORY741,CATALOGDETAIL,UNITS,QUANTITY,,PRODUCT~~ALL~~DC~~SOURCE,,,,0,0,0,ANY,ANY,STANDARD_SUM,CURRENT_PERSPECTIVE,0,0,"0",0,,,10,,,,,,,,,,,,,,,,,,,,,,,TS210,Beginning On Hand Inventory (Units),1,4
211,Unconstrained Utilization (Pct),Unconstrained Utilization (Pct),EXCEL_CALCULATED,DMEXCNTXT,FORECASTDETAIL,MARGIN,,,PRODUCT~~CUSTOMER~~DC~~SOURCE,,,,0,0,0,ANY,NONE,NA,CURRENT_PERSPECTIVE,0,0,"0",0,,,1,,,,,,,,,,,,,,,,,,,,,,,TS211,Unconstrained Utilization (Pct),1,4
212,Upper MAPE Band (Units),Upper MAPE Band (Units),EXCEL_CALCULATED,DMEXCNTXT,FORECASTDETAIL,UNITS,,,PRODUCT~~CUSTOMER~~DC~~SOURCE,,,,0,0,0,ANY,NONE,NA,CURRENT_PERSPECTIVE,0,0,"0",0,,,1,,,,,,,,,,,,,,,,,,,,,,,TS212,Upper MAPE Band (Units),1,4
213,Return on Sales (Pct),Return on Sales (Pct),EXCEL_CALCULATED,DMEXCNTXT,FORECASTDETAIL,MARGIN,,,PRODUCT~~CUSTOMER~~DC~~SOURCE,,,,0,0,0,ANY,NONE,NA,CURRENT_PERSPECTIVE,0,0,"0",0,,,1,,,,,,,,,,,,,,,,,,,,,,,TS213,Return on Sales (Pct),1,4
214,Scenario B - Consensus vs Constrained (Pct),Scenario B - Consensus vs Constrained (Pct),EXCEL_CALCULATED,DMEXCNTXT,FORECASTDETAIL,MARGIN,,,PRODUCT~~CUSTOMER~~DC~~SOURCE,,,,0,0,0,ANY,NONE,NA,CURRENT_PERSPECTIVE,0,0,"0",0,,,1,,,,,,,,,,,,,,,,,,,,,,,TS214,Scenario B - Consensus vs Constrained (Pct),1,4
215,Blank TS 1,Blank TS 1,EXCEL_CALCULATED,DMEXCNTXT,FORECASTDETAIL,UNITS,,,PRODUCT~~CUSTOMER~~DC~~SOURCE,,,,0,0,0,ANY,NONE,NA,CURRENT_PERSPECTIVE,0,0,"0",0,,,1,,,,,,,,,,,,,,,,,,,,,,,TS215,Blank TS 1,1,4
216,Blank TS 9,Blank TS 9,EXCEL_CALCULATED,DMEXCNTXT,FORECASTDETAIL,UNITS,,,PRODUCT~~CUSTOMER~~DC~~SOURCE,,,,0,0,0,ANY,NONE,NA,CURRENT_PERSPECTIVE,0,0,"0",0,,,1,,,,,,,,,,,,,,,,,,,,,,,TS216,Blank TS 9,1,4
217,LE-3,LE-3,EXCEL_CALCULATED,DMEXCNTXT,FORECASTDETAIL,UNITS,,,PRODUCT~~CUSTOMER~~DC~~SOURCE,,,,0,0,0,ANY,ANY,NA,CURRENT_PERSPECTIVE,0,0,"0",0,,,1,,,,,,,,,,,,,,,,,,,,,,,TS217,LE-3,1,4
218,LE-11,LE-11,EXCEL_CALCULATED,DMEXCNTXT,FORECASTDETAIL,UNITS,,,PRODUCT~~CUSTOMER~~DC~~SOURCE,,,,0,0,0,ANY,ANY,NA,CURRENT_PERSPECTIVE,0,0,"0",0,,,1,,,,,,,,,,,,,,,,,,,,,,,TS218,LE-11,1,4
219,Spare CP 19 (Rev),Spare CP 19 (Rev),SERVER_CALCULATED,DMSWCNTXT,FORECASTDETAIL,REVENUE,,,PRODUCT~~CUSTOMER~~DC~~SOURCE,,,,0,0,1,ANY,ANY,STANDARD_SUM,CURRENT_PERSPECTIVE,0,0,"0",0,NO_ROUNDING,,1,,,,,,,,,,,,,,,,,,,,,,,TS219,Spare CP 19 (Rev),1,4
220,PY Account Manager Fcst (Rev),PY Account Manager Fcst (Rev),SERVER_CALCULATED,DMSWCNTXT,FORECASTDETAIL,REVENUE,,,PRODUCT~~CUSTOMER~~DC~~SOURCE,,,,0,0,0,ANY,NONE,STANDARD_SUM,CURRENT_PERSPECTIVE,0,0,"0",0,NO_ROUNDING,,1,,,,,,,,,,,,,,,,,,,,,,,TS220,PY Account Manager Fcst (Rev),1,4
221,Min Inventory (Units),Min Inventory (Units),SERVER_CALCULATED,DMSWCNTXT,FORECASTDETAIL,UNITS,,,PRODUCT~~ALL~~DC~~ALL,,,,0,0,1,ANY,ANY,STANDARD_SUM,CURRENT_PERSPECTIVE,0,0,"0",0,NO_ROUNDING,,710,,,,,,,,,,,,,,,,,,,,,,,TS221,Min Inventory (Units),1,4
222,DC2,DC2,SERVER_CALCULATED,DMSWCNTXT,FORECASTDETAIL,UNITS,,,PRODUCT~~ALL~~DC~~SOURCE,,,,0,0,1,ANY,ANY,STANDARD_SUM,CURRENT_PERSPECTIVE,0,0,"0",0,NO_ROUNDING,,10,,,,,,,,,,,,,,,,,,,,,,,TS222,DC2,1,4
223,DC10,DC10,SERVER_CALCULATED,DMSWCNTXT,FORECASTDETAIL,UNITS,,,PRODUCT~~ALL~~DC~~SOURCE,,,,0,0,1,ANY,NONE,STANDARD_SUM,CURRENT_PERSPECTIVE,0,0,"0",0,NO_ROUNDING,,10,,,,,,,,,,,,,,,,,,,,,,,TS223,DC10,1,4
224,Unconsumed Forecast (Units),Unconsumed Forecast (Units),SERVER_CALCULATED,DMSWCNTXT,FORECASTDETAIL,UNITS,,,PRODUCT~~CUSTOMER~~DC~~SOURCE,,,,0,0,1,ANY,ANY,STANDARD_SUM,CURRENT_PERSPECTIVE,0,0,"0",0,NO_ROUNDING,,1,,,,,,,,,,,,,,,,,,,,,,,TS224,Unconsumed Forecast (Units),1,4
225,Actuals (Units),Actuals (Units),LOADED_TRANS,DMACTUALS,CATALOGDETAIL,UNITS,quantity,,PRODUCT~~CUSTOMER~~DC~~SOURCE,,,,0,0,0,ANY,ANY,STANDARD_SUM,CURRENT_PERSPECTIVE,0,0,"0",0,,,1,,,,,,,,,,,,,,,,,,,,,,,TS225,Actuals (Units),1,4
226,Actual Receipts (Units),Actual Receipts (Units),LOADED_TRANS,DMACTUALREC,CATALOGDETAIL,UNITS,quantity,,PRODUCT~~CUSTOMER~~DC~~SOURCE,,,,0,0,0,ANY,ANY,STANDARD_SUM,CURRENT_PERSPECTIVE,0,0,"0",0,,,1,,,,,,,,,,,,,,,,,,,,,,,TS226,Actual Receipts (Units),1,4
227,Dep Actuals (Units),Dep Actuals (Units),LOADED_TRANS,ATTACHRATE,CATALOGDETAIL,UNITS,,,PRODUCT~~CUSTOMER~~DC~~SOURCE,,,,0,0,0,ANY,ANY,STANDARD_SUM,CURRENT_PERSPECTIVE,0,0,"0",0,,,1,,,,,,,,,,,,,,,,,,,,,,,TS227,Dep Actuals (Units),1,4
228,Loaded Labor Cost (Cost/Unit),Loaded Labor Cost (Cost/Unit),LOADED,DMLOADEDLABORCOST107,CATALOGDETAIL,COST,DOUBLE_03,,PRODUCT~~ALL~~ALL~~SOURCE,,,,0,0,0,ANY,ANY,STANDARD_SUM,CURRENT_PERSPECTIVE,0,0,"0",0,,,4810,,,,,,,,,,,,,,,,,,,,,,,TS228,Loaded Labor Cost (Cost/Unit),1,4
229,Causal Factor 3 (Units),Causal Factor 3 (Units),LOADED,DMCAUSALFACTOR3789,CATALOGDETAIL,UNITS,,,PRODUCT~~ALL~~ALL~~ALL,,,,0,0,0,ANY,ANY,STANDARD_SUM,CURRENT_PERSPECTIVE,0,0,"0",0,,,5510,,,,,,,,,,,,,,,,,,,,,,,TS229,Causal Factor 3 (Units),1,4
230,Sourcing Split (Pct),Sourcing Split (Pct),EXCEL_CALCULATED,DMEXCNTXT,FORECASTDETAIL,MARGIN,,,PRODUCT~~CUSTOMER~~DC~~SOURCE,,,,0,0,0,ANY,NONE,NA,CURRENT_PERSPECTIVE,0,0,"0",0,,,1,,,,,,,,,,,,,,,,,,,,,,,TS230,Sourcing Split (Pct),1,4
231,Consensus vs Constrained (Pct),Consensus vs Constrained (Pct),EXCEL_CALCULATED,DMEXCNTXT,FORECASTDETAIL,MARGIN,,,PRODUCT~~CUSTOMER~~DC~~SOURCE,,,,0,0,0,ANY,NONE,NA,CURRENT_PERSPECTIVE,0,0,"0",0,,,1,,,,,,,,,,,,,,,,,,,,,,,TS231,Consensus vs Constrained (Pct),1,4
232,Scenario A - Consensus vs Constrained (Pct),Scenario A - Consensus vs Constrained (Pct),EXCEL_CALCULATED,DMEXCNTXT,FORECASTDETAIL,MARGIN,,,PRODUCT~~CUSTOMER~~DC~~SOURCE,,,,0,0,0,ANY,NONE,NA,CURRENT_PERSPECTIVE,0,0,"0",0,,,1,,,,,,,,,,,,,,,,,,,,,,,TS232,Scenario A - Consensus vs Constrained (Pct),1,4
233,Scenario B - Utilization (Pct),Scenario B - Utilization (Pct),EXCEL_CALCULATED,DMEXCNTXT,FORECASTDETAIL,MARGIN,,,PRODUCT~~CUSTOMER~~DC~~SOURCE,,,,0,0,0,ANY,NONE,NA,CURRENT_PERSPECTIVE,0,0,"0",0,,,1,,,,,,,,,,,,,,,,,,,,,,,TS233,Scenario B - Utilization (Pct),1,4
234,Blank TS 4,Blank TS 4,EXCEL_CALCULATED,DMEXCNTXT,FORECASTDETAIL,UNITS,,,PRODUCT~~CUSTOMER~~DC~~SOURCE,,,,0,0,0,ANY,NONE,NA,CURRENT_PERSPECTIVE,0,0,"0",0,,,1,,,,,,,,,,,,,,,,,,,,,,,TS234,Blank TS 4,1,4
235,Place Holder 2,Place Holder 2,EXCEL_CALCULATED,DMEXCNTXT,FORECASTDETAIL,UNITS,,,PRODUCT~~CUSTOMER~~DC~~SOURCE,,,,0,0,0,ANY,NONE,NA,CURRENT_PERSPECTIVE,0,0,"0",0,,,1,,,,,,,,,,,,,,,,,,,,,,,TS235,Place Holder 2,1,4
236,LE-6,LE-6,EXCEL_CALCULATED,DMEXCNTXT,FORECASTDETAIL,UNITS,,,PRODUCT~~CUSTOMER~~DC~~SOURCE,,,,0,0,0,ANY,ANY,NA,CURRENT_PERSPECTIVE,0,0,"0",0,,,1,,,,,,,,,,,,,,,,,,,,,,,TS236,LE-6,1,4
237,Target Inventory (DOH),Target Inventory (DOH),SERVER_CALCULATED,DMSWCNTXT,FORECASTDETAIL,UNITS,,,PRODUCT~~ALL~~DC~~SOURCE,,,,0,0,1,ANY,(>=PRODUCT)~~(<=ALL)~~(>=DC)~~(<=ALL),COPY_DOWN,CURRENT_PERSPECTIVE,0,0,"0",0,NO_ROUNDING,,10,,,,,,,,,,,,,,,,,,,,,,,TS237,Target Inventory (DOH),1,4
238,Spare CP 20 (Rev),Spare CP 20 (Rev),SERVER_CALCULATED,DMSWCNTXT,FORECASTDETAIL,REVENUE,,,PRODUCT~~CUSTOMER~~DC~~SOURCE,,,,0,0,1,ANY,ANY,STANDARD_SUM,CURRENT_PERSPECTIVE,0,0,"0",0,NO_ROUNDING,,1,,,,,,,,,,,,,,,,,,,,,,,TS238,Spare CP 20 (Rev),1,4
239,DC Replenishment Plan1 (Units),DC Replenishment Plan1 (Units),SERVER_CALCULATED,DMSWCNTXT,FORECASTDETAIL,UNITS,,,PRODUCT~~ALL~~DC~~SOURCE,,,,0,0,0,ANY,NONE,STANDARD_SUM,CURRENT_PERSPECTIVE,0,0,"0",0,NO_ROUNDING,,10,,,,,,,,,,,,,,,,,,,,,,,TS239,DC Replenishment Plan1 (Units),1,4
240,DC3,DC3,SERVER_CALCULATED,DMSWCNTXT,FORECASTDETAIL,UNITS,,,PRODUCT~~ALL~~DC~~SOURCE,,,,0,0,1,ANY,ANY,STANDARD_SUM,CURRENT_PERSPECTIVE,0,0,"0",0,NO_ROUNDING,,10,,,,,,,,,,,,,,,,,,,,,,,TS240,DC3,1,4
241,Scenario A-Available Inventory (Units),Scenario A-Available Inventory (Units),SERVER_CALCULATED,DMSWCNTXT,FORECASTDETAIL,UNITS,,,PRODUCT~~ALL~~DC~~SOURCE,,,,0,0,0,ANY,NONE,STANDARD_SUM,CURRENT_PERSPECTIVE,0,0,"0",0,NO_ROUNDING,,10,,,,,,,,,,,,,,,,,,,,,,,TS241,Scenario A-Available Inventory (Units),1,4
242,DCRPlan (Units),DCRPlan (Units),SERVER_CALCULATED,DMSWCNTXT,FORECASTDETAIL,UNITS,,,PRODUCT~~ALL~~DC~~SOURCE,,,,0,0,1,ANY,ANY,STANDARD_SUM,CURRENT_PERSPECTIVE,0,0,"0",0,NO_ROUNDING,,10,,,,,,,,,,,,,,,,,,,,,,,TS242,DCRPlan (Units),1,4
243,Actuals (Rev),Actuals (Rev),LOADED_TRANS,DMACTUALS,CATALOGDETAIL,REVENUE,revenue,,PRODUCT~~CUSTOMER~~DC~~SOURCE,,,,0,0,0,ANY,ANY,STANDARD_SUM,CURRENT_PERSPECTIVE,0,0,"0",0,,,1,,,,,,,,,,,,,,,,,,,,,,,TS243,Actuals (Rev),1,4
244,Actual Receipts (Rev),Actual Receipts (Rev),LOADED_TRANS,DMACTUALREC,CATALOGDETAIL,REVENUE,revenue,,PRODUCT~~CUSTOMER~~DC~~SOURCE,,,,0,0,0,ANY,ANY,STANDARD_SUM,CURRENT_PERSPECTIVE,0,0,"0",0,,,1,,,,,,,,,,,,,,,,,,,,,,,TS244,Actual Receipts (Rev),1,4
245,Production Orders (Units),Production Orders (Units),LOADED_TRANS,DMPRODORD,CATALOGDETAIL,UNITS,,,PRODUCT~~ALL~~DC~~SOURCE,,,,0,0,0,ANY,ANY,STANDARD_SUM,CURRENT_PERSPECTIVE,0,0,"0",0,,,10,,,,,,,,,,,,,,,,,,,,,,,TS245,Production Orders (Units),1,4
246,Loaded Overhead Cost (Cost/Unit),Loaded Overhead Cost (Cost/Unit),LOADED,DMLOADEDOVERHEADCOST108,CATALOGDETAIL,COST,DOUBLE_03,,PRODUCT~~ALL~~ALL~~SOURCE,,,,0,0,0,ANY,ANY,STANDARD_SUM,CURRENT_PERSPECTIVE,0,0,"0",0,,,4810,,,,,,,,,,,,,,,,,,,,,,,TS246,Loaded Overhead Cost (Cost/Unit),1,4
247,Causal Factor 4 (Units),Causal Factor 4 (Units),LOADED,DMCAUSALFACTOR4790,CATALOGDETAIL,UNITS,,,PRODUCT~~ALL~~ALL~~ALL,,,,0,0,0,ANY,ANY,STANDARD_SUM,CURRENT_PERSPECTIVE,0,0,"0",0,,,5510,,,,,,,,,,,,,,,,,,,,,,,TS247,Causal Factor 4 (Units),1,4
248,Upper MAPE Band (Rev),Upper MAPE Band (Rev),EXCEL_CALCULATED,DMEXCNTXT,FORECASTDETAIL,REVENUE,,,PRODUCT~~CUSTOMER~~DC~~SOURCE,,,,0,0,0,ANY,NONE,NA,CURRENT_PERSPECTIVE,0,0,"0",0,,,1,,,,,,,,,,,,,,,,,,,,,,,TS248,Upper MAPE Band (Rev),1,4
249,Constrained vs Finance (Pct),Constrained vs Finance (Pct),EXCEL_CALCULATED,DMEXCNTXT,FORECASTDETAIL,MARGIN,,,PRODUCT~~CUSTOMER~~DC~~SOURCE,,,,0,0,0,ANY,NONE,NA,CURRENT_PERSPECTIVE,0,0,"0",0,,,1,,,,,,,,,,,,,,,,,,,,,,,TS249,Constrained vs Finance (Pct),1,4
250,Scenario A - Constrained vs Finance (Pct),Scenario A - Constrained vs Finance (Pct),EXCEL_CALCULATED,DMEXCNTXT,FORECASTDETAIL,MARGIN,,,PRODUCT~~CUSTOMER~~DC~~SOURCE,,,,0,0,0,ANY,NONE,NA,CURRENT_PERSPECTIVE,0,0,"0",0,,,1,,,,,,,,,,,,,,,,,,,,,,,TS250,Scenario A - Constrained vs Finance (Pct),1,4
251,Scenario B (RCCP),Scenario B (RCCP),EXCEL_CALCULATED,DMEXCNTXT,FORECASTDETAIL,UNITS,,,PRODUCT~~CUSTOMER~~DC~~SOURCE,,,,0,0,0,ANY,NONE,NA,CURRENT_PERSPECTIVE,0,0,"0",0,,,1,,,,,,,,,,,,,,,,,,,,,,,TS251,Scenario B (RCCP),1,4
252,Blank TS 5,Blank TS 5,EXCEL_CALCULATED,DMEXCNTXT,FORECASTDETAIL,UNITS,,,PRODUCT~~CUSTOMER~~DC~~SOURCE,,,,0,0,0,ANY,NONE,NA,CURRENT_PERSPECTIVE,0,0,"0",0,,,1,,,,,,,,,,,,,,,,,,,,,,,TS252,Blank TS 5,1,4
253,Place Holder 3,Place Holder 3,EXCEL_CALCULATED,DMEXCNTXT,FORECASTDETAIL,UNITS,,,PRODUCT~~CUSTOMER~~DC~~SOURCE,,,,0,0,0,ANY,NONE,NA,CURRENT_PERSPECTIVE,0,0,"0",0,,,1,,,,,,,,,,,,,,,,,,,,,,,TS253,Place Holder 3,1,4
254,LE-7,LE-7,EXCEL_CALCULATED,DMEXCNTXT,FORECASTDETAIL,UNITS,,,PRODUCT~~CUSTOMER~~DC~~SOURCE,,,,0,0,0,ANY,ANY,NA,CURRENT_PERSPECTIVE,0,0,"0",0,,,1,,,,,,,,,,,,,,,,,,,,,,,TS254,LE-7,1,4
255,Spare CP 18 (Rev),Spare CP 18 (Rev),SERVER_CALCULATED,DMSWCNTXT,FORECASTDETAIL,REVENUE,,,PRODUCT~~CUSTOMER~~DC~~SOURCE,,,,0,0,1,ANY,ANY,STANDARD_SUM,CURRENT_PERSPECTIVE,0,0,"0",0,NO_ROUNDING,,1,,,,,,,,,,,,,,,,,,,,,,,TS255,Spare CP 18 (Rev),1,4
256,MOQ (Units),MOQ (Units),SERVER_CALCULATED,DMSWCNTXT,FORECASTDETAIL,UNITS,,,PRODUCT~~ALL~~DC~~ALL,,,,0,0,1,ANY,ANY,STANDARD_SUM,CURRENT_PERSPECTIVE,0,0,"0",0,NO_ROUNDING,,710,,,,,,,,,,,,,,,,,,,,,,,TS256,MOQ (Units),1,4
257,DC1,DC1,SERVER_CALCULATED,DMSWCNTXT,FORECASTDETAIL,UNITS,,,PRODUCT~~ALL~~DC~~SOURCE,,,,0,0,1,ANY,ANY,STANDARD_SUM,CURRENT_PERSPECTIVE,0,0,"0",0,NO_ROUNDING,,10,,,,,,,,,,,,,,,,,,,,,,,TS257,DC1,1,4
258,DC9,DC9,SERVER_CALCULATED,DMSWCNTXT,FORECASTDETAIL,UNITS,,,PRODUCT~~ALL~~DC~~SOURCE,,,,0,0,1,ANY,NONE,STANDARD_SUM,CURRENT_PERSPECTIVE,0,0,"0",0,NO_ROUNDING,,10,,,,,,,,,,,,,,,,,,,,,,,TS258,DC9,1,4
259,Total Forecast (Units),Total Forecast (Units),SERVER_CALCULATED,DMSWCNTXT,FORECASTDETAIL,UNITS,,,PRODUCT~~CUSTOMER~~DC~~SOURCE,,,,0,0,1,ANY,ANY,STANDARD_SUM,CURRENT_PERSPECTIVE,0,0,"0",0,NO_ROUNDING,,1,,,,,,,,,,,,,,,,,,,,,,,TS259,Total Forecast (Units),1,4
260,Actuals (Marg),Actuals (Marg),LOADED_TRANS,DMACTUALS,CATALOGDETAIL,MARGIN,DOUBLE_06,,PRODUCT~~CUSTOMER~~DC~~SOURCE,,,,0,0,0,ANY,ANY,STANDARD_SUM,CURRENT_PERSPECTIVE,0,0,"0",0,,,1,,,,,,,,,,,,,,,,,,,,,,,TS260,Actuals (Marg),1,4
261,Customer Request Demand (Rev),Customer Request Demand (Rev),LOADED_TRANS,DMCUSTREQDEM,CATALOGDETAIL,REVENUE,revenue,,PRODUCT~~CUSTOMER~~DC~~SOURCE,,,,0,0,0,ANY,ANY,STANDARD_SUM,CURRENT_PERSPECTIVE,0,0,"0",0,,,1,,,,,,,,,,,,,,,,,,,,,,,TS261,Customer Request Demand (Rev),1,4
262,Actuals Attach Rate,Actuals Attach Rate,LOADED_TRANS,ATTACHRATE,CATALOGDETAIL,UNITS,,,PRODUCT~~CUSTOMER~~DC~~SOURCE,,,,0,0,0,ANY,ANY,STANDARD_SUM,CURRENT_PERSPECTIVE,0,0,"0",0,,,1,,,,,,,,,,,,,,,,,,,,,,,TS262,Actuals Attach Rate,1,4
263,Loaded Material Cost (Cost/Unit),Loaded Material Cost (Cost/Unit),LOADED,DMLOADEDMATERIALCOST106,CATALOGDETAIL,COST,DOUBLE_03,,PRODUCT~~ALL~~ALL~~SOURCE,,,,0,0,0,ANY,ANY,STANDARD_SUM,CURRENT_PERSPECTIVE,0,0,"0",0,,,4810,,,,,,,,,,,,,,,,,,,,,,,TS263,Loaded Material Cost (Cost/Unit),1,4
264,MOQ2 (Units),MOQ2 (Units),LOADED,DMMOQ2786,CATALOGDETAIL,UNITS,,,PRODUCT~~ALL~~DC~~ALL,,,,0,0,0,ANY,ANY,STANDARD_SUM,CURRENT_PERSPECTIVE,0,0,"0",0,,,710,,,,,,,,,,,,,,,,,,,,,,,TS264,MOQ2 (Units),1,4
265,Constrained Utilization (Pct),Constrained Utilization (Pct),EXCEL_CALCULATED,DMEXCNTXT,FORECASTDETAIL,MARGIN,,,PRODUCT~~CUSTOMER~~DC~~SOURCE,,,,0,0,0,ANY,NONE,NA,CURRENT_PERSPECTIVE,0,0,"0",0,,,1,,,,,,,,,,,,,,,,,,,,,,,TS265,Constrained Utilization (Pct),1,4
266,Build Plan Shortage (Units),Build Plan Shortage (Units),EXCEL_CALCULATED,DMEXCNTXT,FORECASTDETAIL,UNITS,,,PRODUCT~~CUSTOMER~~DC~~SOURCE,,,,0,0,0,ANY,NONE,NA,CURRENT_PERSPECTIVE,0,0,"0",0,,,1,,,,,,,,,,,,,,,,,,,,,,,TS266,Build Plan Shortage (Units),1,4
267,Scenario - B,Scenario - B,EXCEL_CALCULATED,DMEXCNTXT,FORECASTDETAIL,UNITS,,,PRODUCT~~CUSTOMER~~DC~~SOURCE,,,,0,0,0,ANY,NONE,NA,CURRENT_PERSPECTIVE,0,0,"0",0,,,1,,,,,,,,,,,,,,,,,,,,,,,TS267,Scenario - B,1,4
268,Scenario B - RCCP Delta (Units),Scenario B - RCCP Delta (Units),EXCEL_CALCULATED,DMEXCNTXT,FORECASTDETAIL,UNITS,,,PRODUCT~~CUSTOMER~~DC~~SOURCE,,,,0,0,0,ANY,NONE,NA,CURRENT_PERSPECTIVE,0,0,"0",0,,,1,,,,,,,,,,,,,,,,,,,,,,,TS268,Scenario B - RCCP Delta (Units),1,4
269,Blank TS 3,Blank TS 3,EXCEL_CALCULATED,DMEXCNTXT,FORECASTDETAIL,UNITS,,,PRODUCT~~CUSTOMER~~DC~~SOURCE,,,,0,0,0,ANY,NONE,NA,CURRENT_PERSPECTIVE,0,0,"0",0,,,1,,,,,,,,,,,,,,,,,,,,,,,TS269,Blank TS 3,1,4
270,Place Holder 1,Place Holder 1,EXCEL_CALCULATED,DMEXCNTXT,FORECASTDETAIL,UNITS,,,PRODUCT~~CUSTOMER~~DC~~SOURCE,,,,0,0,0,ANY,NONE,NA,CURRENT_PERSPECTIVE,0,0,"0",0,,,1,,,,,,,,,,,,,,,,,,,,,,,TS270,Place Holder 1,1,4
271,LE-5,LE-5,EXCEL_CALCULATED,DMEXCNTXT,FORECASTDETAIL,UNITS,,,PRODUCT~~CUSTOMER~~DC~~SOURCE,,,,0,0,0,ANY,ANY,NA,CURRENT_PERSPECTIVE,0,0,"0",0,,,1,,,,,,,,,,,,,,,,,,,,,,,TS271,LE-5,1,4
272,Spare CP 17 (Rev),Spare CP 17 (Rev),SERVER_CALCULATED,DMSWCNTXT,FORECASTDETAIL,REVENUE,,,PRODUCT~~CUSTOMER~~DC~~SOURCE,,,,0,0,1,ANY,ANY,STANDARD_SUM,CURRENT_PERSPECTIVE,0,0,"0",0,NO_ROUNDING,,1,,,,,,,,,,,,,,,,,,,,,,,TS272,Spare CP 17 (Rev),1,4
273,Spare CP 25 (Rev),Spare CP 25 (Rev),SERVER_CALCULATED,DMSWCNTXT,FORECASTDETAIL,REVENUE,,,PRODUCT~~CUSTOMER~~DC~~SOURCE,,,,0,0,1,ANY,ANY,STANDARD_SUM,CURRENT_PERSPECTIVE,0,0,"0",0,NO_ROUNDING,,1,,,,,,,,,,,,,,,,,,,,,,,TS273,Spare CP 25 (Rev),1,4
274,On Hand Inventory (Units),On Hand Inventory (Units),SERVER_CALCULATED,DMSWCNTXT,FORECASTDETAIL,UNITS,,,PRODUCT~~ALL~~DC~~SOURCE,,,,0,0,0,ANY,NONE,STANDARD_SUM,CURRENT_PERSPECTIVE,0,0,"0",0,NO_ROUNDING,,10,,,,,,,,,,,,,,,,,,,,,,,TS274,On Hand Inventory (Units),1,4
275,DC8,DC8,SERVER_CALCULATED,DMSWCNTXT,FORECASTDETAIL,UNITS,,,PRODUCT~~ALL~~DC~~SOURCE,,,,0,0,1,ANY,ANY,STANDARD_SUM,CURRENT_PERSPECTIVE,0,0,"0",0,NO_ROUNDING,,10,,,,,,,,,,,,,,,,,,,,,,,TS275,DC8,1,4
276,DC Replenishment Plan (Units),DC Replenishment Plan (Units),SERVER_CALCULATED,DMSWCNTXT,FORECASTDETAIL,UNITS,,,PRODUCT~~ALL~~DC~~SOURCE,,,,0,0,0,ANY,NONE,STANDARD_SUM,CURRENT_PERSPECTIVE,0,0,"0",0,NO_ROUNDING,,10,,,,,,,,,,,,,,,,,,,,,,,TS276,DC Replenishment Plan (Units),1,4
277,DCRPlan1 (Units),DCRPlan1 (Units),SERVER_CALCULATED,DMSWCNTXT,FORECASTDETAIL,UNITS,,,PRODUCT~~ALL~~DC~~ALL,,,,0,0,0,ANY,NONE,STANDARD_SUM,CURRENT_PERSPECTIVE,0,0,"0",0,NO_ROUNDING,,710,,,,,,,,,,,,,,,,,,,,,,,TS277,DCRPlan1 (Units),1,4
278,Customer Request Demand (Units),Customer Request Demand (Units),LOADED_TRANS,DMCUSTREQDEM,CATALOGDETAIL,UNITS,quantity,,PRODUCT~~CUSTOMER~~DC~~SOURCE,,,,0,0,0,ANY,ANY,STANDARD_SUM,CURRENT_PERSPECTIVE,0,0,"0",0,,,1,,,,,,,,,,,,,,,,,,,,,,,TS278,Customer Request Demand (Units),1,4
279,Ind Actuals (Units),Ind Actuals (Units),LOADED_TRANS,ATTACHRATE,CATALOGDETAIL,UNITS,,,PRODUCT~~CUSTOMER~~DC~~SOURCE,,,,0,0,0,ANY,ANY,STANDARD_SUM,CURRENT_PERSPECTIVE,0,0,"0",0,,,1,,,,,,,,,,,,,,,,,,,,,,,TS279,Ind Actuals (Units),1,4
280,Loaded ASP (Rev/Unit),Loaded ASP (Rev/Unit),LOADED,DMLOADEDASP104,CATALOGDETAIL,REVENUE,REVENUE,,PRODUCT~~CUSTOMER~~ALL~~ALL,,,,0,0,0,ANY,ANY,STANDARD_SUM,CURRENT_PERSPECTIVE,0,0,"0",0,,,5501,,,,,,,,,,,,,,,,,,,,,,,TS280,Loaded ASP (Rev/Unit),1,4
281,Target Inventory2 (DOH),Target Inventory2 (DOH),LOADED,DMTARGETINVENTORY779,CATALOGDETAIL,UNITS,,,PRODUCT~~ALL~~DC~~SOURCE,,,,0,0,0,ANY,ANY,STANDARD_SUM,CURRENT_PERSPECTIVE,0,0,"0",0,,,10,,,,,,,,,,,,,,,,,,,,,,,TS281,Target Inventory2 (DOH),1,4
282,Available Capacity (Hrs),Available Capacity (Hrs),EXCEL_CALCULATED,DMEXCNTXT,FORECASTDETAIL,UNITS,,,PRODUCT~~CUSTOMER~~DC~~SOURCE,,,,0,0,0,ANY,NONE,NA,CURRENT_PERSPECTIVE,0,0,"0",0,,,1,,,,,,,,,,,,,,,,,,,,,,,TS282,Available Capacity (Hrs),1,4
283,Lower MAPE Band (Units),Lower MAPE Band (Units),EXCEL_CALCULATED,DMEXCNTXT,FORECASTDETAIL,UNITS,,,PRODUCT~~CUSTOMER~~DC~~SOURCE,,,,0,0,0,ANY,NONE,NA,CURRENT_PERSPECTIVE,0,0,"0",0,,,1,,,,,,,,,,,,,,,,,,,,,,,TS283,Lower MAPE Band (Units),1,4
284,Scenario - A,Scenario - A,EXCEL_CALCULATED,DMEXCNTXT,FORECASTDETAIL,UNITS,,,PRODUCT~~CUSTOMER~~DC~~SOURCE,,,,0,0,0,ANY,NONE,NA,CURRENT_PERSPECTIVE,0,0,"0",0,,,1,,,,,,,,,,,,,,,,,,,,,,,TS284,Scenario - A,1,4
285,Scenario B - Constrained vs Finance (Pct),Scenario B - Constrained vs Finance (Pct),EXCEL_CALCULATED,DMEXCNTXT,FORECASTDETAIL,MARGIN,,,PRODUCT~~CUSTOMER~~DC~~SOURCE,,,,0,0,0,ANY,NONE,NA,CURRENT_PERSPECTIVE,0,0,"0",0,,,1,,,,,,,,,,,,,,,,,,,,,,,TS285,Scenario B - Constrained vs Finance (Pct),1,4
286,Blank TS 2,Blank TS 2,EXCEL_CALCULATED,DMEXCNTXT,FORECASTDETAIL,UNITS,,,PRODUCT~~CUSTOMER~~DC~~SOURCE,,,,0,0,0,ANY,NONE,NA,CURRENT_PERSPECTIVE,0,0,"0",0,,,1,,,,,,,,,,,,,,,,,,,,,,,TS286,Blank TS 2,1,4
287,Blank TS 10,Blank TS 10,EXCEL_CALCULATED,DMEXCNTXT,FORECASTDETAIL,UNITS,,,PRODUCT~~CUSTOMER~~DC~~SOURCE,,,,0,0,0,ANY,NONE,NA,CURRENT_PERSPECTIVE,0,0,"0",0,,,1,,,,,,,,,,,,,,,,,,,,,,,TS287,Blank TS 10,1,4
288,LE-4,LE-4,EXCEL_CALCULATED,DMEXCNTXT,FORECASTDETAIL,UNITS,,,PRODUCT~~CUSTOMER~~DC~~SOURCE,,,,0,0,0,ANY,ANY,NA,CURRENT_PERSPECTIVE,0,0,"0",0,,,1,,,,,,,,,,,,,,,,,,,,,,,TS288,LE-4,1,4
289,LE-12,LE-12,EXCEL_CALCULATED,DMEXCNTXT,FORECASTDETAIL,UNITS,,,PRODUCT~~CUSTOMER~~DC~~SOURCE,,,,0,0,0,ANY,ANY,NA,CURRENT_PERSPECTIVE,0,0,"0",0,,,1,,,,,,,,,,,,,,,,,,,,,,,TS289,LE-12,1,4
290,Market Size (Rev),Market Size (Rev),SERVER_CALCULATED,DMSWCNTXT,FORECASTDETAIL,REVENUE,,,PRODUCT~~CUSTOMER~~DC~~SOURCE,,,,0,0,1,ANY,ANY,STANDARD_SUM,CURRENT_PERSPECTIVE,0,0,"0",0,NO_ROUNDING,,1,,,,,,,,,,,,,,,,,,,,,,,TS290,Market Size (Rev),1,4
291,Spare CP 22 (Rev),Spare CP 22 (Rev),SERVER_CALCULATED,DMSWCNTXT,FORECASTDETAIL,REVENUE,,,PRODUCT~~CUSTOMER~~DC~~SOURCE,,,,0,0,1,ANY,ANY,STANDARD_SUM,CURRENT_PERSPECTIVE,0,0,"0",0,NO_ROUNDING,,1,,,,,,,,,,,,,,,,,,,,,,,TS291,Spare CP 22 (Rev),1,4
292,Transfer (Units),Transfer (Units),SERVER_CALCULATED,DMSWCNTXT,FORECASTDETAIL,UNITS,,,PRODUCT~~CUSTOMER~~DC~~ALL,,,,0,0,1,ANY,ANY,STANDARD_SUM,CURRENT_PERSPECTIVE,0,0,"0",0,NO_ROUNDING,,701,,,,,,,,,,,,,,,,,,,,,,,TS292,Transfer (Units),1,4
293,DC5,DC5,SERVER_CALCULATED,DMSWCNTXT,FORECASTDETAIL,UNITS,,,PRODUCT~~ALL~~DC~~SOURCE,,,,0,0,1,ANY,ANY,STANDARD_SUM,CURRENT_PERSPECTIVE,0,0,"0",0,NO_ROUNDING,,10,,,,,,,,,,,,,,,,,,,,,,,TS293,DC5,1,4
294,Naive Forecast (Units),Naive Forecast (Units),SERVER_CALCULATED,DMSWCNTXT,FORECASTDETAIL,UNITS,,,PRODUCT~~CUSTOMER~~DC~~SOURCE,,,,0,0,1,ANY,ANY,STANDARD_SUM,CURRENT_PERSPECTIVE,0,0,"0",0,NO_ROUNDING,,1,,,,,,,,,,,,,,,,,,,,,,,TS294,Naive Forecast (Units),1,4
295,Safety Stock (Units),Safety Stock (Units),SERVER_CALCULATED,DMSWCNTXT,FORECASTDETAIL,UNITS,,,PRODUCT~~CUSTOMER~~DC~~SOURCE,,,,0,0,1,ANY,NONE,STANDARD_SUM,CURRENT_PERSPECTIVE,0,0,"0",0,NO_ROUNDING,,1,,,,,,,,,,,,,,,,,,,,,,,TS295,Safety Stock (Units),1,4
296,CRM Pipeline (Rev),CRM Pipeline (Rev),LOADED_TRANS,DMOPPORTUNITY,CATALOGDETAIL,REVENUE,revenue,,PRODUCT~~CUSTOMER~~DC~~SOURCE,,,,0,0,0,ANY,ANY,STANDARD_SUM,CURRENT_PERSPECTIVE,0,0,"0",0,,,1,,,,,,,,,,,,,,,,,,,,,,,TS296,CRM Pipeline (Rev),1,4
297,Shipments (Rev),Shipments (Rev),LOADED_TRANS,DMSHIPMENTS,CATALOGDETAIL,REVENUE,revenue,,PRODUCT~~CUSTOMER~~DC~~SOURCE,,,,0,0,0,ANY,ANY,STANDARD_SUM,CURRENT_PERSPECTIVE,0,0,"0",0,,,1,,,,,,,,,,,,,,,,,,,,,,,TS297,Shipments (Rev),1,4
298,Replenishment Orders (Units),Replenishment Orders (Units),LOADED_TRANS,DEREP,CATALOGDETAIL,UNITS,,,PRODUCT~~ALL~~DC~~SOURCE,,,,0,0,0,ANY,ANY,STANDARD_SUM,CURRENT_PERSPECTIVE,0,0,"0",0,,,10,,,,,,,,,,,,,,,,,,,,,,,TS298,Replenishment Orders (Units),1,4
299,Causal Factor 1 (Units),Causal Factor 1 (Units),LOADED,DMCAUSALFACTOR1629,CATALOGDETAIL,UNITS,,,PRODUCT~~ALL~~ALL~~ALL,,,,0,0,0,ANY,ANY,STANDARD_SUM,CURRENT_PERSPECTIVE,0,0,"0",0,,,5510,,,,,,,,,,,,,,,,,,,,,,,TS299,Causal Factor 1 (Units),1,4
300,Forecast Carry Over (Units),Forecast Carry Over (Units),EXCEL_CALCULATED,DMEXCNTXT,FORECASTDETAIL,UNITS,,,PRODUCT~~CUSTOMER~~DC~~SOURCE,,,,0,0,0,ANY,NONE,NA,CURRENT_PERSPECTIVE,0,0,"0",0,,,1,,,,,,,,,,,,,,,,,,,,,,,TS300,Forecast Carry Over (Units),1,4
301,Lower MAPE Band (Rev),Lower MAPE Band (Rev),EXCEL_CALCULATED,DMEXCNTXT,FORECASTDETAIL,REVENUE,,,PRODUCT~~CUSTOMER~~DC~~SOURCE,,,,0,0,0,ANY,NONE,NA,CURRENT_PERSPECTIVE,0,0,"0",0,,,1,,,,,,,,,,,,,,,,,,,,,,,TS301,Lower MAPE Band (Rev),1,4
302,Allocation Margin (Pct),Allocation Margin (Pct),EXCEL_CALCULATED,DMEXCNTXT,FORECASTDETAIL,MARGIN,,,PRODUCT~~CUSTOMER~~DC~~SOURCE,,,,0,0,0,ANY,NONE,NA,CURRENT_PERSPECTIVE,0,0,"0",0,,,1,,,,,,,,,,,,,,,,,,,,,,,TS302,Allocation Margin (Pct),1,4
303,Scenario A - Utilization (Pct),Scenario A - Utilization (Pct),EXCEL_CALCULATED,DMEXCNTXT,FORECASTDETAIL,MARGIN,,,PRODUCT~~CUSTOMER~~DC~~SOURCE,,,,0,0,0,ANY,NONE,NA,CURRENT_PERSPECTIVE,0,0,"0",0,,,1,,,,,,,,,,,,,,,,,,,,,,,TS303,Scenario A - Utilization (Pct),1,4
304,Customer Fcst Delta (Pct),Customer Fcst Delta (Pct),EXCEL_CALCULATED,DMEXCNTXT,FORECASTDETAIL,MARGIN,,,PRODUCT~~CUSTOMER~~DC~~SOURCE,,,,0,0,0,ANY,NONE,NA,CURRENT_PERSPECTIVE,0,0,"0",0,,,1,,,,,,,,,,,,,,,,,,,,,,,TS304,Customer Fcst Delta (Pct),1,4
305,Blank TS 7,Blank TS 7,EXCEL_CALCULATED,DMEXCNTXT,FORECASTDETAIL,UNITS,,,PRODUCT~~CUSTOMER~~DC~~SOURCE,,,,0,0,0,ANY,NONE,NA,CURRENT_PERSPECTIVE,0,0,"0",0,,,1,,,,,,,,,,,,,,,,,,,,,,,TS305,Blank TS 7,1,4
306,LE-1,LE-1,EXCEL_CALCULATED,DMEXCNTXT,FORECASTDETAIL,UNITS,,,PRODUCT~~CUSTOMER~~DC~~SOURCE,,,,0,0,0,ANY,ANY,NA,CURRENT_PERSPECTIVE,0,0,"0",0,,,1,,,,,,,,,,,,,,,,,,,,,,,TS306,LE-1,1,4
307,LE-9,LE-9,EXCEL_CALCULATED,DMEXCNTXT,FORECASTDETAIL,UNITS,,,PRODUCT~~CUSTOMER~~DC~~SOURCE,,,,0,0,0,ANY,ANY,NA,CURRENT_PERSPECTIVE,0,0,"0",0,,,1,,,,,,,,,,,,,,,,,,,,,,,TS307,LE-9,1,4
308,Spare CP 15 (Rev),Spare CP 15 (Rev),SERVER_CALCULATED,DMSWCNTXT,FORECASTDETAIL,REVENUE,,,PRODUCT~~CUSTOMER~~DC~~SOURCE,,,,0,0,1,ANY,ANY,STANDARD_SUM,CURRENT_PERSPECTIVE,0,0,"0",0,NO_ROUNDING,,1,,,,,,,,,,,,,,,,,,,,,,,TS308,Spare CP 15 (Rev),1,4
309,Spare CP 23 (Rev),Spare CP 23 (Rev),SERVER_CALCULATED,DMSWCNTXT,FORECASTDETAIL,REVENUE,,,PRODUCT~~CUSTOMER~~DC~~SOURCE,,,,0,0,1,ANY,ANY,STANDARD_SUM,CURRENT_PERSPECTIVE,0,0,"0",0,NO_ROUNDING,,1,,,,,,,,,,,,,,,,,,,,,,,TS309,Spare CP 23 (Rev),1,4
310,Adjustments In (Units),Adjustments In (Units),SERVER_CALCULATED,DMSWCNTXT,FORECASTDETAIL,UNITS,,,PRODUCT~~ALL~~DC~~SOURCE,,,,0,0,1,ANY,ANY,STANDARD_SUM,CURRENT_PERSPECTIVE,0,0,"0",0,NO_ROUNDING,,10,,,,,,,,,,,,,,,,,,,,,,,TS310,Adjustments In (Units),1,4
311,DC6,DC6,SERVER_CALCULATED,DMSWCNTXT,FORECASTDETAIL,UNITS,,,PRODUCT~~ALL~~DC~~SOURCE,,,,0,0,1,ANY,NONE,STANDARD_SUM,CURRENT_PERSPECTIVE,0,0,"0",0,NO_ROUNDING,,10,,,,,,,,,,,,,,,,,,,,,,,TS311,DC6,1,4
312,Naive Forecast (Rev),Naive Forecast (Rev),SERVER_CALCULATED,DMSWCNTXT,FORECASTDETAIL,REVENUE,,,PRODUCT~~CUSTOMER~~DC~~SOURCE,,,,0,0,0,ANY,NONE,STANDARD_SUM,CURRENT_PERSPECTIVE,0,0,"0",0,NO_ROUNDING,,1,,,,,,,,,,,,,,,,,,,,,,,TS312,Naive Forecast (Rev),1,4
313,Scenario A-Target Inventory (DOH),Scenario A-Target Inventory (DOH),SERVER_CALCULATED,DMSWCNTXT,FORECASTDETAIL,UNITS,,,PRODUCT~~ALL~~DC~~SOURCE,,,,0,0,1,ANY,ANY,COPY_DOWN,CURRENT_PERSPECTIVE,0,0,"0",0,,,10,,,,,,,,,,,,,,,,,,,,,,,TS313,Scenario A-Target Inventory (DOH),1,4
314,Open Orders (Units),Open Orders (Units),LOADED_TRANS,DMOPEN,CATALOGDETAIL,UNITS,quantity,,PRODUCT~~CUSTOMER~~DC~~SOURCE,,,,0,0,0,ANY,ANY,STANDARD_SUM,CURRENT_PERSPECTIVE,0,0,"0",0,,,1,,,,,,,,,,,,,,,,,,,,,,,TS314,Open Orders (Units),1,4
315,On Time Delivery (Units),On Time Delivery (Units),LOADED_TRANS,DMONTIMEDEL,CATALOGDETAIL,UNITS,quantity,,PRODUCT~~CUSTOMER~~DC~~SOURCE,,,,0,0,0,ANY,ANY,STANDARD_SUM,CURRENT_PERSPECTIVE,0,0,"0",0,,,1,,,,,,,,,,,,,,,,,,,,,,,TS315,On Time Delivery (Units),1,4
316,P.O.S. (Units),P.O.S. (Units),LOADED,DMPOS101,CATALOGDETAIL,UNITS,,,PRODUCT~~CUSTOMER~~DC~~SOURCE,,,,0,0,0,ANY,ANY,STANDARD_SUM,CURRENT_PERSPECTIVE,0,0,"0",0,,,1,,,,,,,,,,,,,,,,,,,,,,,TS316,P.O.S. (Units),1,4
317,Causal Factor 2 (Units),Causal Factor 2 (Units),LOADED,DMCAUSALFACTOR2630,CATALOGDETAIL,UNITS,,,PRODUCT~~ALL~~ALL~~ALL,,,,0,0,0,ANY,ANY,STANDARD_SUM,CURRENT_PERSPECTIVE,0,0,"0",0,,,5510,,,,,,,,,,,,,,,,,,,,,,,TS317,Causal Factor 2 (Units),1,4
318,Unconstrained Cum Delta (Hrs),Unconstrained Cum Delta (Hrs),EXCEL_CALCULATED,DMEXCNTXT,FORECASTDETAIL,UNITS,,,PRODUCT~~CUSTOMER~~DC~~SOURCE,,,,0,0,0,ANY,NONE,NA,CURRENT_PERSPECTIVE,0,0,"0",0,,,1,,,,,,,,,,,,,,,,,,,,,,,TS318,Unconstrained Cum Delta (Hrs),1,4
319,Generic TS Label,Generic TS Label,EXCEL_CALCULATED,DMEXCNTXT,FORECASTDETAIL,UNITS,,,PRODUCT~~CUSTOMER~~DC~~SOURCE,,,,0,0,0,ANY,NONE,NA,CURRENT_PERSPECTIVE,0,0,"0",0,,,1,,,,,,,,,,,,,,,,,,,,,,,TS319,Generic TS Label,1,4
320,Gross Margin (Pct),Gross Margin (Pct),EXCEL_CALCULATED,DMEXCNTXT,FORECASTDETAIL,MARGIN,,,PRODUCT~~CUSTOMER~~DC~~SOURCE,,,,0,0,0,ANY,NONE,NA,CURRENT_PERSPECTIVE,0,0,"0",0,,,1,,,,,,,,,,,,,,,,,,,,,,,TS320,Gross Margin (Pct),1,4
321,Scenario A (RCCP),Scenario A (RCCP),EXCEL_CALCULATED,DMEXCNTXT,FORECASTDETAIL,UNITS,,,PRODUCT~~CUSTOMER~~DC~~SOURCE,,,,0,0,0,ANY,NONE,NA,CURRENT_PERSPECTIVE,0,0,"0",0,,,1,,,,,,,,,,,,,,,,,,,,,,,TS321,Scenario A (RCCP),1,4
322,Excel Border,Excel Border,EXCEL_CALCULATED,DMEXCNTXT,FORECASTDETAIL,UNITS,,,PRODUCT~~CUSTOMER~~DC~~SOURCE,,,,0,0,0,ANY,NONE,NA,CURRENT_PERSPECTIVE,0,0,"0",0,,,1,,,,,,,,,,,,,,,,,,,,,,,TS322,Excel Border,1,4
323,Blank TS 8,Blank TS 8,EXCEL_CALCULATED,DMEXCNTXT,FORECASTDETAIL,UNITS,,,PRODUCT~~CUSTOMER~~DC~~SOURCE,,,,0,0,0,ANY,NONE,NA,CURRENT_PERSPECTIVE,0,0,"0",0,,,1,,,,,,,,,,,,,,,,,,,,,,,TS323,Blank TS 8,1,4
324,LE-2,LE-2,EXCEL_CALCULATED,DMEXCNTXT,FORECASTDETAIL,UNITS,,,PRODUCT~~CUSTOMER~~DC~~SOURCE,,,,0,0,0,ANY,ANY,NA,CURRENT_PERSPECTIVE,0,0,"0",0,,,1,,,,,,,,,,,,,,,,,,,,,,,TS324,LE-2,1,4
325,LE-10,LE-10,EXCEL_CALCULATED,DMEXCNTXT,FORECASTDETAIL,UNITS,,,PRODUCT~~CUSTOMER~~DC~~SOURCE,,,,0,0,0,ANY,ANY,NA,CURRENT_PERSPECTIVE,0,0,"0",0,,,1,,,,,,,,,,,,,,,,,,,,,,,TS325,LE-10,1,4
326,Current Inventory (Units),Current Inventory (Units),SERVER_CALCULATED,DMSWCNTXT,FORECASTDETAIL,UNITS,,,PRODUCT~~CUSTOMER~~DC~~SOURCE,,,,0,0,1,ANY,ANY,STANDARD_SUM,CURRENT_PERSPECTIVE,0,0,"0",0,NO_ROUNDING,,1,,,,,,,,,,,,,,,,,,,,,,,TS326,Current Inventory (Units),1,4
327,Spare CP 21 (Rev),Spare CP 21 (Rev),SERVER_CALCULATED,DMSWCNTXT,FORECASTDETAIL,REVENUE,,,PRODUCT~~CUSTOMER~~DC~~SOURCE,,,,0,0,1,ANY,ANY,STANDARD_SUM,CURRENT_PERSPECTIVE,0,0,"0",0,NO_ROUNDING,,1,,,,,,,,,,,,,,,,,,,,,,,TS327,Spare CP 21 (Rev),1,4
328,Available Inventory (Units),Available Inventory (Units),SERVER_CALCULATED,DMSWCNTXT,FORECASTDETAIL,UNITS,,,PRODUCT~~ALL~~DC~~SOURCE,,,,0,0,0,ANY,NONE,STANDARD_SUM,CURRENT_PERSPECTIVE,0,0,"0",0,NO_ROUNDING,,10,,,,,,,,,,,,,,,,,,,,,,,TS328,Available Inventory (Units),1,4
329,DC4,DC4,SERVER_CALCULATED,DMSWCNTXT,FORECASTDETAIL,UNITS,,,PRODUCT~~ALL~~DC~~SOURCE,,,,0,0,1,ANY,ANY,STANDARD_SUM,CURRENT_PERSPECTIVE,0,0,"0",0,NO_ROUNDING,,10,,,,,,,,,,,,,,,,,,,,,,,TS329,DC4,1,4
330,Scenario B-Available Inventory (Units),Scenario B-Available Inventory (Units),SERVER_CALCULATED,DMSWCNTXT,FORECASTDETAIL,UNITS,,,PRODUCT~~ALL~~DC~~SOURCE,,,,0,0,0,ANY,NONE,STANDARD_SUM,CURRENT_PERSPECTIVE,0,0,"0",0,NO_ROUNDING,,10,,,,,,,,,,,,,,,,,,,,,,,TS330,Scenario B-Available Inventory (Units),1,4
331,Replenishment Delta (Units),Replenishment Delta (Units),SERVER_CALCULATED,DMSWCNTXT,FORECASTDETAIL,UNITS,,,PRODUCT~~ALL~~DC~~SOURCE,,,,0,0,1,ANY,NONE,STANDARD_SUM,CURRENT_PERSPECTIVE,0,0,"0",0,NO_ROUNDING,,10,,,,,,,,,,,,,,,,,,,,,,,TS331,Replenishment Delta (Units),1,4
332,CRM Pipeline (Units),CRM Pipeline (Units),LOADED_TRANS,DMOPPORTUNITY,CATALOGDETAIL,UNITS,quantity,,PRODUCT~~CUSTOMER~~DC~~SOURCE,,,,0,0,0,ANY,ANY,STANDARD_SUM,CURRENT_PERSPECTIVE,0,0,"0",0,,,1,,,,,,,,,,,,,,,,,,,,,,,TS332,CRM Pipeline (Units),1,4
333,Shipments (Units),Shipments (Units),LOADED_TRANS,DMSHIPMENTS,CATALOGDETAIL,UNITS,quantity,,PRODUCT~~CUSTOMER~~DC~~SOURCE,,,,0,0,0,ANY,ANY,STANDARD_SUM,CURRENT_PERSPECTIVE,0,0,"0",0,,,1,,,,,,,,,,,,,,,,,,,,,,,TS333,Shipments (Units),1,4
334,Purchase Orders (Units),Purchase Orders (Units),LOADED_TRANS,DMPURORD,CATALOGDETAIL,UNITS,,,PRODUCT~~ALL~~DC~~SOURCE,,,,0,0,0,ANY,ANY,STANDARD_SUM,CURRENT_PERSPECTIVE,0,0,"0",0,,,10,,,,,,,,,,,,,,,,,,,,,,,TS334,Purchase Orders (Units),1,4
335,In-Transit Inventory (Units),In-Transit Inventory (Units),LOADED,DMINTRANSITINVENTORY329,CATALOGDETAIL,UNITS,,,PRODUCT~~ALL~~DC~~SOURCE,,,,0,0,0,ANY,ANY,STANDARD_SUM,CURRENT_PERSPECTIVE,0,0,"0",0,,,10,,,,,,,,,,,,,,,,,,,,,,,TS335,In-Transit Inventory (Units),1,4
336,Causal Factor 5 (Units),Causal Factor 5 (Units),LOADED,DMCAUSALFACTOR5791,CATALOGDETAIL,UNITS,,,PRODUCT~~ALL~~ALL~~ALL,,,,0,0,0,ANY,ANY,STANDARD_SUM,CURRENT_PERSPECTIVE,0,0,"0",0,,,5510,,,,,,,,,,,,,,,,,,,,,,,TS336,Causal Factor 5 (Units),1,4
337,RCCP Constrained Baseline,RCCP Constrained Baseline,EXCEL_CALCULATED,DMEXCNTXT,FORECASTDETAIL,REVENUE,,,PRODUCT~~CUSTOMER~~DC~~SOURCE,,,,0,0,0,ANY,NONE,NA,CURRENT_PERSPECTIVE,0,0,"0",0,,,1,,,,,,,,,,,,,,,,,,,,,,,TS337,RCCP Constrained Baseline,1,4
338,Supplier Commit Delta (Pct),Supplier Commit Delta (Pct),EXCEL_CALCULATED,DMEXCNTXT,FORECASTDETAIL,MARGIN,,,PRODUCT~~CUSTOMER~~DC~~SOURCE,,,,0,0,0,(>=PRODUCT)~~ALL~~ALL~~(>=SOURCE),NONE,NA,CURRENT_PERSPECTIVE,0,0,"0",0,,,1,,,,,,,,,,,,,,,,,,,,,,,TS338,Supplier Commit Delta (Pct),1,4
339,Scenario A - RCCP Delta (Units),Scenario A - RCCP Delta (Units),EXCEL_CALCULATED,DMEXCNTXT,FORECASTDETAIL,UNITS,,,PRODUCT~~CUSTOMER~~DC~~SOURCE,,,,0,0,0,ANY,NONE,NA,CURRENT_PERSPECTIVE,0,0,"0",0,,,1,,,,,,,,,,,,,,,,,,,,,,,TS339,Scenario A - RCCP Delta (Units),1,4
340,Market Share (Pct),Market Share (Pct),EXCEL_CALCULATED,DMEXCNTXT,FORECASTDETAIL,MARGIN,,,PRODUCT~~CUSTOMER~~DC~~SOURCE,,,,0,0,0,ANY,NONE,NA,CURRENT_PERSPECTIVE,0,0,"0",0,,,1,,,,,,,,,,,,,,,,,,,,,,,TS340,Market Share (Pct),1,4
341,Blank TS 6,Blank TS 6,EXCEL_CALCULATED,DMEXCNTXT,FORECASTDETAIL,UNITS,,,PRODUCT~~CUSTOMER~~DC~~SOURCE,,,,0,0,0,ANY,NONE,NA,CURRENT_PERSPECTIVE,0,0,"0",0,,,1,,,,,,,,,,,,,,,,,,,,,,,TS341,Blank TS 6,1,4
342,Promotion Effectiveness (Pct),Promotion Effectiveness (Pct),EXCEL_CALCULATED,DMEXCNTXT,FORECASTDETAIL,UNITS,,,PRODUCT~~CUSTOMER~~DC~~SOURCE,,,,0,0,0,ANY,NONE,NA,CURRENT_PERSPECTIVE,0,0,"0",0,,,1,,,,,,,,,,,,,,,,,,,,,,,TS342,Promotion Effectiveness (Pct),1,4
343,LE-8,LE-8,EXCEL_CALCULATED,DMEXCNTXT,FORECASTDETAIL,UNITS,,,PRODUCT~~CUSTOMER~~DC~~SOURCE,,,,0,0,0,ANY,ANY,NA,CURRENT_PERSPECTIVE,0,0,"0",0,,,1,,,,,,,,,,,,,,,,,,,,,,,TS343,LE-8,1,4
344,DMACTUALS,DMACTUALS,LOADED_TRANS,DMACTUALS,TRANSACTION,,DMACTUALS,PRODUCT~~CUSTOMER~~DC~~SOURCE,PRODUCT~~CUSTOMER~~DC~~SOURCE,,,,0,0,0,ANY,ANY,"0",CURRENT_PERSPECTIVE,0,0,"0",0,,1,1,,,,,,,,,,,,,,,,,,,,,,,TS344,DMACTUALS,1,4
345,DMOPPORTUNITY,DMOPPORTUNITY,LOADED_TRANS,DMOPPORTUNITY,TRANSACTION,,DMOPPORTUNITY,PRODUCT~~CUSTOMER~~DC~~SOURCE,PRODUCT~~CUSTOMER~~DC~~SOURCE,,,,0,0,0,ANY,ANY,"0",CURRENT_PERSPECTIVE,0,0,"0",0,,1,1,,,,,,,,,,,,,,,,,,,,,,,TS345,DMOPPORTUNITY,1,4
346,DMOPEN,DMOPEN,LOADED_TRANS,DMOPEN,TRANSACTION,,DMOPEN,PRODUCT~~CUSTOMER~~DC~~SOURCE,PRODUCT~~CUSTOMER~~DC~~SOURCE,,,,0,0,0,ANY,ANY,"0",CURRENT_PERSPECTIVE,0,0,"0",0,,1,1,,,,,,,,,,,,,,,,,,,,,,,TS346,DMOPEN,1,4
347,DMCUSTREQDEM,DMCUSTREQDEM,LOADED_TRANS,DMCUSTREQDEM,TRANSACTION,,DMCUSTREQDEM,PRODUCT~~CUSTOMER~~DC~~SOURCE,PRODUCT~~CUSTOMER~~DC~~SOURCE,,,,0,0,0,ANY,ANY,"0",CURRENT_PERSPECTIVE,0,0,"0",0,,1,1,,,,,,,,,,,,,,,,,,,,,,,TS347,DMCUSTREQDEM,1,4
348,DMACTUALREC,DMACTUALREC,LOADED_TRANS,DMACTUALREC,TRANSACTION,,DMACTUALREC,PRODUCT~~CUSTOMER~~DC~~SOURCE,PRODUCT~~CUSTOMER~~DC~~SOURCE,,,,0,0,0,ANY,ANY,"0",CURRENT_PERSPECTIVE,0,0,"0",0,,1,1,,,,,,,,,,,,,,,,,,,,,,,TS348,DMACTUALREC,1,4
349,DMSHIPMENTS,DMSHIPMENTS,LOADED_TRANS,DMSHIPMENTS,TRANSACTION,,DMSHIPMENTS,PRODUCT~~CUSTOMER~~DC~~SOURCE,PRODUCT~~CUSTOMER~~DC~~SOURCE,,,,0,0,0,ANY,ANY,"0",CURRENT_PERSPECTIVE,0,0,"0",0,,1,1,,,,,,,,,,,,,,,,,,,,,,,TS349,DMSHIPMENTS,1,4
350,DMONTIMEDEL,DMONTIMEDEL,LOADED_TRANS,DMONTIMEDEL,TRANSACTION,,DMONTIMEDEL,PRODUCT~~CUSTOMER~~DC~~SOURCE,PRODUCT~~CUSTOMER~~DC~~SOURCE,,,,0,0,0,ANY,ANY,"0",CURRENT_PERSPECTIVE,0,0,"0",0,,1,1,,,,,,,,,,,,,,,,,,,,,,,TS350,DMONTIMEDEL,1,4
351,DMTOTDEL,DMTOTDEL,LOADED_TRANS,DMTOTDEL,TRANSACTION,,DMTOTDEL,PRODUCT~~CUSTOMER~~DC~~SOURCE,PRODUCT~~CUSTOMER~~DC~~SOURCE,,,,0,0,0,ANY,ANY,"0",CURRENT_PERSPECTIVE,0,0,"0",0,,1,1,,,,,,,,,,,,,,,,,,,,,,,TS351,DMTOTDEL,1,4
352,AttachRate,AttachRate,LOADED_TRANS,ATTACHRATE,TRANSACTION,,AttachRate,PRODUCT~~CUSTOMER~~DC~~SOURCE,PRODUCT~~CUSTOMER~~DC~~SOURCE,,,,0,0,0,ANY,ANY,"0",CURRENT_PERSPECTIVE,0,0,"0",0,,1,1,,,,,,,,,,,,,,,,,,,,,,,TS352,AttachRate,1,4
353,DMPRODORD,DMPRODORD,LOADED_TRANS,DMPRODORD,TRANSACTION,,DMPRODORD,PRODUCT~~ALL~~DC~~SOURCE,PRODUCT~~ALL~~DC~~SOURCE,,,,0,0,0,ANY,ANY,"0",CURRENT_PERSPECTIVE,0,0,"0",0,,10,10,,,,,,,,,,,,,,,,,,,,,,,TS353,DMPRODORD,1,4
354,DMPURORD,DMPURORD,LOADED_TRANS,DMPURORD,TRANSACTION,,DMPURORD,PRODUCT~~ALL~~DC~~SOURCE,PRODUCT~~ALL~~DC~~SOURCE,,,,0,0,0,ANY,ANY,"0",CURRENT_PERSPECTIVE,0,0,"0",0,,10,10,,,,,,,,,,,,,,,,,,,,,,,TS354,DMPURORD,1,4
355,DMREP,DMREP,LOADED_TRANS,DEREP,TRANSACTION,,DMREP,PRODUCT~~ALL~~DC~~SOURCE,PRODUCT~~ALL~~DC~~SOURCE,,,,0,0,0,ANY,ANY,"0",CURRENT_PERSPECTIVE,0,0,"0",0,,10,10,,,,,,,,,,,,,,,,,,,,,,,TS355,DMREP,1,4
356,P.O.S. (Units),P.O.S. (Units),LOADED,DMPOS101,TRANSACTION,,DMPOS101,PRODUCT~~CUSTOMER~~DC~~SOURCE,PRODUCT~~CUSTOMER~~DC~~SOURCE,,,,0,0,0,ANY,ANY,"0",CURRENT_PERSPECTIVE,0,0,"0",0,,1,1,,,,,,,,,,,,,,,,,,,,,,,TS356,P.O.S. (Units),1,4
357,P.O.S. (Rev),P.O.S. (Rev),LOADED,DMPOS102,TRANSACTION,,DMPOS102,PRODUCT~~CUSTOMER~~DC~~SOURCE,PRODUCT~~CUSTOMER~~DC~~SOURCE,,,,0,0,0,ANY,ANY,"0",CURRENT_PERSPECTIVE,0,0,"0",0,,1,1,,,,,,,,,,,,,,,,,,,,,,,TS357,P.O.S. (Rev),1,4
358,Loaded ASP (Rev/Unit),Loaded ASP (Rev/Unit),LOADED,DMLOADEDASP104,TRANSACTION,,DMLOADEDASP104,PRODUCT~~CUSTOMER~~ALL~~ALL,PRODUCT~~CUSTOMER~~ALL~~ALL,,,,0,0,0,ANY,ANY,"0",CURRENT_PERSPECTIVE,0,0,"0",0,,5501,5501,,,,,,,,,,,,,,,,,,,,,,,TS358,Loaded ASP (Rev/Unit),1,4
359,Loaded Material Cost (Cost/Unit),Loaded Material Cost (Cost/Unit),LOADED,DMLOADEDMATERIALCOST106,TRANSACTION,,DMLOADEDMATERIALCOST106,PRODUCT~~ALL~~ALL~~SOURCE,PRODUCT~~ALL~~ALL~~SOURCE,,,,0,0,0,ANY,ANY,"0",CURRENT_PERSPECTIVE,0,0,"0",0,,4810,4810,,,,,,,,,,,,,,,,,,,,,,,TS359,Loaded Material Cost (Cost/Unit),1,4
360,Loaded Labor Cost (Cost/Unit),Loaded Labor Cost (Cost/Unit),LOADED,DMLOADEDLABORCOST107,TRANSACTION,,DMLOADEDLABORCOST107,PRODUCT~~ALL~~ALL~~SOURCE,PRODUCT~~ALL~~ALL~~SOURCE,,,,0,0,0,ANY,ANY,"0",CURRENT_PERSPECTIVE,0,0,"0",0,,4810,4810,,,,,,,,,,,,,,,,,,,,,,,TS360,Loaded Labor Cost (Cost/Unit),1,4
361,Loaded Overhead Cost (Cost/Unit),Loaded Overhead Cost (Cost/Unit),LOADED,DMLOADEDOVERHEADCOST108,TRANSACTION,,DMLOADEDOVERHEADCOST108,PRODUCT~~ALL~~ALL~~SOURCE,PRODUCT~~ALL~~ALL~~SOURCE,,,,0,0,0,ANY,ANY,"0",CURRENT_PERSPECTIVE,0,0,"0",0,,4810,4810,,,,,,,,,,,,,,,,,,,,,,,TS361,Loaded Overhead Cost (Cost/Unit),1,4
362,In-Transit Inventory (Units),In-Transit Inventory (Units),LOADED,DMINTRANSITINVENTORY329,TRANSACTION,,DMINTRANSITINVENTORY329,PRODUCT~~ALL~~DC~~SOURCE,PRODUCT~~ALL~~DC~~SOURCE,,,,0,0,0,ANY,ANY,"0",CURRENT_PERSPECTIVE,0,0,"0",0,,10,10,,,,,,,,,,,,,,,,,,,,,,,TS362,In-Transit Inventory (Units),1,4
363,Causal Factor 1 (Units),Causal Factor 1 (Units),LOADED,DMCAUSALFACTOR1629,TRANSACTION,,DMCAUSALFACTOR1629,PRODUCT~~ALL~~ALL~~ALL,PRODUCT~~ALL~~ALL~~ALL,,,,0,0,0,ANY,ANY,"0",CURRENT_PERSPECTIVE,0,0,"0",0,,5510,5510,,,,,,,,,,,,,,,,,,,,,,,TS363,Causal Factor 1 (Units),1,4
364,Causal Factor 2 (Units),Causal Factor 2 (Units),LOADED,DMCAUSALFACTOR2630,TRANSACTION,,DMCAUSALFACTOR2630,PRODUCT~~ALL~~ALL~~ALL,PRODUCT~~ALL~~ALL~~ALL,,,,0,0,0,ANY,ANY,"0",CURRENT_PERSPECTIVE,0,0,"0",0,,5510,5510,,,,,,,,,,,,,,,,,,,,,,,TS364,Causal Factor 2 (Units),1,4
365,Beginning On Hand Inventory (Units),Beginning On Hand Inventory (Units),LOADED,DMBEGINNINGONHANDINVENTORY741,TRANSACTION,,DMBEGINNINGONHANDINVENTORY741,PRODUCT~~ALL~~DC~~SOURCE,PRODUCT~~ALL~~DC~~SOURCE,,,,0,0,0,ANY,ANY,"0",CURRENT_PERSPECTIVE,0,0,"0",0,,10,10,,,,,,,,,,,,,,,,,,,,,,,TS365,Beginning On Hand Inventory (Units),1,4
366,Target Inventory2 (DOH),Target Inventory2 (DOH),LOADED,DMTARGETINVENTORY779,TRANSACTION,,DMTARGETINVENTORY779,PRODUCT~~ALL~~DC~~SOURCE,PRODUCT~~ALL~~DC~~SOURCE,,,,0,0,0,ANY,ANY,"0",CURRENT_PERSPECTIVE,0,0,"0",0,,10,10,,,,,,,,,,,,,,,,,,,,,,,TS366,Target Inventory2 (DOH),1,4
367,MOQ2 (Units),MOQ2 (Units),LOADED,DMMOQ2786,TRANSACTION,,DMMOQ2786,PRODUCT~~ALL~~DC~~ALL,PRODUCT~~ALL~~DC~~ALL,,,,0,0,0,ANY,ANY,"0",CURRENT_PERSPECTIVE,0,0,"0",0,,710,710,,,,,,,,,,,,,,,,,,,,,,,TS367,MOQ2 (Units),1,4
368,Causal Factor 3 (Units),Causal Factor 3 (Units),LOADED,DMCAUSALFACTOR3789,TRANSACTION,,DMCAUSALFACTOR3789,PRODUCT~~ALL~~ALL~~ALL,PRODUCT~~ALL~~ALL~~ALL,,,,0,0,0,ANY,ANY,"0",CURRENT_PERSPECTIVE,0,0,"0",0,,5510,5510,,,,,,,,,,,,,,,,,,,,,,,TS368,Causal Factor 3 (Units),1,4
369,Causal Factor 4 (Units),Causal Factor 4 (Units),LOADED,DMCAUSALFACTOR4790,TRANSACTION,,DMCAUSALFACTOR4790,PRODUCT~~ALL~~ALL~~ALL,PRODUCT~~ALL~~ALL~~ALL,,,,0,0,0,ANY,ANY,"0",CURRENT_PERSPECTIVE,0,0,"0",0,,5510,5510,,,,,,,,,,,,,,,,,,,,,,,TS369,Causal Factor 4 (Units),1,4
370,Causal Factor 5 (Units),Causal Factor 5 (Units),LOADED,DMCAUSALFACTOR5791,TRANSACTION,,DMCAUSALFACTOR5791,PRODUCT~~ALL~~ALL~~ALL,PRODUCT~~ALL~~ALL~~ALL,,,,0,0,0,ANY,ANY,"0",CURRENT_PERSPECTIVE,0,0,"0",0,,5510,5510,,,,,,,,,,,,,,,,,,,,,,,TS370,Causal Factor 5 (Units),1,4
371,M4 Shipped (Units),M4 Shipped (Units),LOADED_TRANS,DMM4SHIPPED,CATALOGDETAIL,UNITS,quantity,,PRODUCT~~CUSTOMER~~DC~~SOURCE,,,,0,0,0,ANY,ANY,STANDARD_SUM,CURRENT_PERSPECTIVE,0,0,"0",0,,,1,,,,,,,,,,,,,,,,,,,,,,,TS371,M4 Shipped (Units),1,4
372,DMM4SHIPPED,DMM4SHIPPED,LOADED_TRANS,DMM4SHIPPED,TRANSACTION,,DMACTUALS,PRODUCT~~CUSTOMER~~DC~~SOURCE,PRODUCT~~CUSTOMER~~DC~~SOURCE,,,,0,0,0,ANY,ANY,"0",CURRENT_PERSPECTIVE,0,0,"0",0,,1,1,,,,,,,,,,,,,,,,,,,,,,,TS372,DMM4SHIPPED,1,4
373,M4 Shipped Fcst (Units),M4 Shipped Fcst (Units),SERVER_CALCULATED,DMSWCNTXT,FORECASTDETAIL,UNITS,,,PRODUCT~~CUSTOMER~~DC~~SOURCE,,,,0,0,1,ANY,ANY,STANDARD_SUM,CURRENT_PERSPECTIVE,0,0,"0",0,NO_ROUNDING,,1,,,,,,,,,,,,,,,,,,,,,,,TS373,M4 Shipped Fcst (Units),1,4
